,종목 코드,종목명
0,000020,동화약품
1,000040,KR모터스
2,000050,경방
3,000060,메리츠화재
4,000070,삼양홀딩스
5,000075,삼양홀딩스우
6,000080,하이트진로
7,000087,하이트진로2우B
8,000100,유한양행
9,000105,유한양행우
10,000120,CJ대한통운
11,000140,하이트진로홀딩스
12,000145,하이트진로홀딩스우
13,000150,두산
14,000155,두산우
15,000157,두산2우B
16,000180,성창기업지주
17,000210,대림산업
18,000215,대림산업우
19,000220,유유제약
20,000225,유유제약1우
21,000227,유유제약2우B
22,000230,일동홀딩스
23,000240,한국테크놀로지그룹
24,000270,기아차
25,000300,대유플러스
26,000320,노루홀딩스
27,000325,노루홀딩스우
28,000370,한화손해보험
29,000390,삼화페인트
30,000400,롯데손해보험
31,000430,대원강업
32,000480,조선내화
33,000490,대동공업
34,000500,가온전선
35,000520,삼일제약
36,000540,흥국화재
37,000545,흥국화재우
38,000547,흥국화재2우B
39,000590,CS홀딩스
40,000640,동아쏘시오홀딩스
41,000650,천일고속
42,000660,SK하이닉스
43,000670,영풍
44,000680,LS네트웍스
45,000700,유수홀딩스
46,000720,현대건설
47,000725,현대건설우
48,000760,이화산업
49,000810,삼성화재
50,000815,삼성화재우
51,000850,화천기공
52,000860,강남제비스코
53,000880,한화
54,000885,한화우
55,00088K,한화3우B
56,000890,보해양조
57,000910,유니온
58,000950,전방
59,000970,한국주철관
60,000990,DB하이텍
61,000995,DB하이텍1우
62,001020,페이퍼코리아
63,001040,CJ
64,001045,CJ우
65,00104K,CJ4우(전환)
66,001060,JW중외제약
67,001065,JW중외제약우
68,001067,JW중외제약2우B
69,001070,대한방직
70,001080,만호제강
71,001120,LG상사
72,001130,대한제분
73,001140,국보
74,001200,유진투자증권
75,001210,금호전기
76,001230,동국제강
77,001250,GS글로벌
78,001260,남광토건
79,001270,부국증권
80,001275,부국증권우
81,001290,상상인증권
82,001340,백광산업
83,001360,삼성제약
84,001380,SG충방
85,001390,KG케미칼
86,001420,태원물산
87,001430,세아베스틸
88,001440,대한전선
89,001450,현대해상
90,001460,BYC
91,001465,BYC우
92,001470,삼부토건
93,001500,현대차증권
94,001510,SK증권
95,001515,SK증권우
96,001520,동양
97,001525,동양우
98,001527,동양2우B
99,001529,동양3우B
100,001530,DI동일
101,001550,조비
102,001560,제일연마
103,001570,금양
104,001620,케이비아이동국실업
105,001630,종근당홀딩스
106,001680,대상
107,001685,대상우
108,001720,신영증권
109,001725,신영증권우
110,001740,SK네트웍스
111,001745,SK네트웍스우
112,001750,한양증권
113,001755,한양증권우
114,001770,신화실업
115,001780,알루코
116,001790,대한제당
117,001795,대한제당우
118,001800,오리온홀딩스
119,001820,삼화콘덴서
120,001880,대림건설
121,001940,KISCO홀딩스
122,002020,코오롱
123,002025,코오롱우
124,002030,아세아
125,002070,비비안
126,002100,경농
127,002140,고려산업
128,002150,도화엔지니어링
129,002170,삼양통상
130,002200,한국수출포장
131,002210,동성제약
132,002220,한일철강
133,002240,고려제강
134,002270,롯데푸드
135,002310,아세아제지
136,002320,한진
137,002350,넥센타이어
138,002355,넥센타이어1우B
139,002360,SH에너지화학
140,002380,KCC
141,002390,한독
142,002410,범양건영
143,002420,세기상사
144,002450,삼익악기
145,002460,화성산업
146,002600,조흥
147,002620,제일파마홀딩스
148,002630,오리엔트바이오
149,002690,동일제강
150,002700,신일전자
151,002710,TCC스틸
152,002720,국제약품
153,002760,보락
154,002780,진흥기업
155,002785,진흥기업우B
156,002787,진흥기업2우B
157,002790,아모레G
158,002795,아모레G우
159,00279K,아모레G3우(전환)
160,002810,삼영무역
161,002820,선창산업
162,002840,미원상사
163,002870,신풍제지
164,002880,대유에이텍
165,002900,동양물산
166,002920,유성기업
167,002960,한국쉘석유
168,002990,금호산업
169,002995,금호산업우
170,003000,부광약품
171,003010,혜인
172,003030,세아제강지주
173,003060,에이프로젠제약
174,003070,코오롱글로벌
175,003075,코오롱글로벌우
176,003080,성보화학
177,003090,대웅
178,003120,일성신약
179,003160,디아이
180,003200,일신방직
181,003220,대원제약
182,003230,삼양식품
183,003240,태광산업
184,003280,흥아해운
185,003300,한일홀딩스
186,003350,한국화장품제조
187,003410,쌍용양회
188,003415,쌍용양회우
189,003460,유화증권
190,003465,유화증권우
191,003470,유안타증권
192,003475,유안타증권우
193,003480,한진중공업홀딩스
194,003490,대한항공
195,003495,대한항공우
196,003520,영진약품
197,003530,한화투자증권
198,003535,한화투자증권우
199,003540,대신증권
200,003545,대신증권우
201,003547,대신증권2우B
202,003550,LG
203,003555,LG우
204,003560,IHQ
205,003570,S&T중공업
206,003580,넥스트사이언스
207,003610,방림
208,003620,쌍용차
209,003650,미창석유
210,003670,포스코케미칼
211,003680,한성기업
212,003690,코리안리
213,003720,삼영화학
214,003780,진양산업
215,003830,대한화섬
216,003850,보령제약
217,003920,남양유업
218,003925,남양유업우
219,003960,사조대림
220,004000,롯데정밀화학
221,004020,현대제철
222,004060,SG세계물산
223,004080,신흥
224,004090,한국석유
225,004100,태양금속
226,004105,태양금속우
227,004140,동방
228,004150,한솔홀딩스
229,004170,신세계
230,004250,NPC
231,004255,NPC우
232,004270,남성
233,004310,현대약품
234,004360,세방
235,004365,세방우
236,004370,농심
237,004380,삼익THK
238,004410,서울식품
239,004415,서울식품우
240,004430,송원산업
241,004440,대림씨엔에스
242,004450,삼화왕관
243,004490,세방전지
244,004540,깨끗한나라
245,004545,깨끗한나라우
246,004560,현대비앤지스틸
247,004565,현대비앤지스틸우
248,004690,삼천리
249,004700,조광피혁
250,004710,한솔테크닉스
251,004720,우리들제약
252,004770,써니전자
253,004800,효성
254,004830,덕성
255,004835,덕성우
256,004840,DRB동일
257,004870,티웨이홀딩스
258,004890,동일산업
259,004910,조광페인트
260,004920,씨아이테크
261,004960,한신공영
262,004970,신라교역
263,004980,성신양회
264,004985,성신양회우
265,004990,롯데지주
266,00499K,롯데지주우
267,005010,휴스틸
268,005030,부산주공
269,005070,코스모신소재
270,005090,삼광글라스
271,005110,한창
272,005180,빙그레
273,005190,동성화학
274,005250,녹십자홀딩스
275,005257,녹십자홀딩스2우
276,005300,롯데칠성
277,005305,롯데칠성우
278,005320,국동
279,005360,모나미
280,005380,현대차
281,005385,현대차우
282,005387,현대차2우B
283,005389,현대차3우B
284,005390,신성통상
285,005420,코스모화학
286,005430,한국공항
287,005440,현대그린푸드
288,005490,POSCO
289,005500,삼진제약
290,005610,SPC삼립
291,005680,삼영전자
292,005690,파미셀
293,005720,넥센
294,005725,넥센우
295,005740,크라운해태홀딩스
296,005745,크라운해태홀딩스우
297,005750,대림B&Co
298,005800,신영와코루
299,005810,풍산홀딩스
300,005820,원림
301,005830,DB손해보험
302,005850,에스엘
303,005870,휴니드
304,005880,대한해운
305,005930,삼성전자
306,005935,삼성전자우
307,005940,NH투자증권
308,005945,NH투자증권우
309,005950,이수화학
310,005960,동부건설
311,005965,동부건설우
312,006040,동원산업
313,006060,화승인더
314,006090,사조오양
315,006110,삼아알미늄
316,006120,SK디스커버리
317,006125,SK디스커버리우
318,006200,한국전자홀딩스
319,006220,제주은행
320,006260,LS
321,006280,녹십자
322,006340,대원전선
323,006345,대원전선우
324,006360,GS건설
325,006370,대구백화점
326,006380,카프로
327,006390,한일현대시멘트
328,006400,삼성SDI
329,006405,삼성SDI우
330,006490,인스코비
331,006570,대림통상
332,006650,대한유화
333,006660,삼성공조
334,006740,영풍제지
335,006800,미래에셋대우
336,006805,미래에셋대우우
337,00680K,미래에셋대우2우B
338,006840,AK홀딩스
339,006880,신송홀딩스
340,006890,태경케미컬
341,006980,우성사료
342,007070,GS리테일
343,007110,일신석재
344,007120,미래아이앤지
345,007160,사조산업
346,007210,벽산
347,007280,한국특수형강
348,007310,오뚜기
349,007340,디티알오토모티브
350,007460,에이프로젠 KIC
351,007540,샘표
352,007570,일양약품
353,007575,일양약품우
354,007590,동방아그로
355,007610,선도전기
356,007630,폴루스바이오팜
357,007660,이수페타시스
358,007690,국도화학
359,007700,F&F
360,007810,코리아써키트
361,007815,코리아써우
362,00781K,코리아써키트2우B
363,007860,서연
364,007980,태평양물산
365,008040,사조동아원
366,008060,대덕
367,00806K,대덕1우
368,008110,대동전자
369,008250,이건산업
370,008260,NI스틸
371,008350,남선알미늄
372,008355,남선알미우
373,008420,문배철강
374,008490,서흥
375,008500,일정실업
376,008560,메리츠증권
377,008600,윌비스
378,008700,아남전자
379,008730,율촌화학
380,008770,호텔신라
381,008775,호텔신라우
382,008870,금비
383,008930,한미사이언스
384,008970,동양철관
385,009070,KCTC
386,009140,경인전자
387,009150,삼성전기
388,009155,삼성전기우
389,009160,SIMPAC
390,009180,한솔로지스틱스
391,009190,대양금속
392,009200,무림페이퍼
393,009240,한샘
394,009270,신원
395,009275,신원우
396,009290,광동제약
397,009310,참엔지니어링
398,009320,대우부품
399,009410,태영건설
400,009415,태영건설우
401,009420,한올바이오파마
402,009440,KC그린홀딩스
403,009450,경동나비엔
404,009460,한창제지
405,009470,삼화전기
406,009540,한국조선해양
407,009580,무림P&P
408,009680,모토닉
409,009770,삼정펄프
410,009810,엔케이물산
411,009830,한화솔루션
412,009835,한화솔루션우
413,009970,영원무역홀딩스
414,010040,한국내화
415,010050,우리종금
416,010060,OCI
417,010100,한국프랜지
418,010120,LS ELECTRIC
419,010130,고려아연
420,010140,삼성중공업
421,010145,삼성중공우
422,010400,우진아이엔에스
423,010420,한솔PNS
424,010580,지코
425,010600,웰바이오텍
426,010620,현대미포조선
427,010640,진양폴리
428,010660,화천기계
429,010690,화신
430,010770,평화홀딩스
431,010780,아이에스동서
432,010820,퍼스텍
433,010950,S-Oil
434,010955,S-Oil우
435,010960,삼호개발
436,011000,진원생명과학
437,011070,LG이노텍
438,011090,에넥스
439,011150,CJ씨푸드
440,011155,CJ씨푸드1우
441,011170,롯데케미칼
442,011200,HMM
443,011210,현대위아
444,011230,삼화전자
445,011280,태림포장
446,011300,성안
447,011330,유니켐
448,011390,부산산업
449,011420,갤럭시아에스엠
450,011500,한농화성
451,011690,유양디앤유
452,011700,한신기계
453,011760,현대상사
454,011780,금호석유
455,011785,금호석유우
456,011790,SKC
457,011810,STX
458,011930,신성이엔지
459,012030,DB
460,012160,영흥
461,012170,키위미디어그룹
462,012200,계양전기
463,012205,계양전기우
464,012280,영화금속
465,012320,경동인베스트
466,012330,현대모비스
467,012450,한화에어로스페이스
468,012510,더존비즈온
469,012600,청호컴넷
470,012610,경인양행
471,012630,HDC
472,012690,모나리자
473,012750,에스원
474,012800,대창
475,013000,세우글로벌
476,013360,일성건설
477,013520,화승알앤에이
478,013570,디와이
479,013580,계룡건설
480,013700,까뮤이앤씨
481,013870,지엠비코리아
482,013890,지누스
483,014130,한익스프레스
484,014160,대영포장
485,014280,금강공업
486,014285,금강공업우
487,014440,영보화학
488,014530,극동유화
489,014580,태경비케이
490,014680,한솔케미칼
491,014710,사조씨푸드
492,014790,한라
493,014820,동원시스템즈
494,014825,동원시스템즈우
495,014830,유니드
496,014910,성문전자
497,014915,성문전자우
498,014990,인디에프
499,015020,이스타코
500,015230,대창단조
501,015260,에이엔피
502,015350,부산가스
503,015360,예스코홀딩스
504,015540,쎌마테라퓨틱스
505,015590,큐로
506,015760,한국전력
507,015860,일진홀딩스
508,015890,태경산업
509,016090,대현
510,016360,삼성증권
511,016380,KG동부제철
512,016385,KG동부제철우
513,016450,한세예스24홀딩스
514,016580,환인제약
515,016590,신대양제지
516,016610,DB금융투자
517,016710,대성홀딩스
518,016740,두올
519,016800,퍼시스
520,016880,웅진
521,017040,광명전기
522,017180,명문제약
523,017370,우신시스템
524,017390,서울가스
525,017550,수산중공업
526,017670,SK텔레콤
527,017800,현대엘리베이
528,017810,풀무원
529,017900,광전자
530,017940,E1
531,017960,한국카본
532,018250,애경산업
533,018260,삼성에스디에스
534,018470,조일알미늄
535,018500,동원금속
536,018670,SK가스
537,018880,한온시스템
538,019170,신풍제약
539,019175,신풍제약우
540,019180,티에이치엔
541,019440,세아특수강
542,019490,하이트론
543,019680,대교
544,019685,대교우B
545,020000,한섬
546,020120,키다리스튜디오
547,020150,일진머티리얼즈
548,020560,아시아나항공
549,020760,일진디스플
550,021050,서원
551,021240,코웨이
552,021820,세원정공
553,023000,삼원강재
554,023150,MH에탄올
555,023350,한국종합기술
556,023450,동남합성
557,023530,롯데쇼핑
558,023590,다우기술
559,023800,인지컨트롤스
560,023810,인팩
561,023960,에쓰씨엔지니어링
562,024070,WISCOM
563,024090,디씨엠
564,024110,기업은행
565,024720,한국콜마홀딩스
566,024890,대원화성
567,024900,덕양산업
568,025000,KPX케미칼
569,025530,SJM홀딩스
570,025540,한국단자
571,025560,미래산업
572,025620,제이준코스메틱
573,025750,한솔홈데코
574,025820,이구산업
575,025860,남해화학
576,025890,한국주강
577,026890,디피씨
578,026940,부국철강
579,026960,동서
580,027410,BGF
581,027740,마니커
582,027970,세하
583,028050,삼성엔지니어링
584,028100,동아지질
585,028260,삼성물산
586,02826K,삼성물산우B
587,028670,팬오션
588,029460,케이씨
589,029530,신도리코
590,029780,삼성카드
591,030000,제일기획
592,030200,KT
593,030210,KTB투자증권
594,030610,교보증권
595,030720,동원수산
596,030790,비케이탑스
597,031430,신세계인터내셔날
598,031440,신세계푸드
599,031820,콤텍시스템
600,032350,롯데관광개발
601,032560,황금에스티
602,032640,LG유플러스
603,032830,삼성생명
604,033180,필룩스
605,033240,자화전자
606,033250,체시스
607,033270,유나이티드제약
608,033530,세종공업
609,033660,아주캐피탈
610,033780,KT&G
611,033920,무학
612,034020,두산중공업
613,034120,SBS
614,034220,LG디스플레이
615,034300,신세계건설
616,034310,NICE
617,034590,인천도시가스
618,034730,SK
619,03473K,SK우
620,034830,한국토지신탁
621,035000,지투알
622,035150,백산
623,035250,강원랜드
624,035420,NAVER
625,035510,신세계 I&C
626,035720,카카오
627,036420,제이콘텐트리
628,036460,한국가스공사
629,036530,S&T홀딩스
630,036570,엔씨소프트
631,036580,팜스코
632,037270,YG PLUS
633,037560,LG헬로비전
634,037710,광주신세계
635,039130,하나투어
636,039490,키움증권
637,039570,HDC아이콘트롤스
638,041650,상신브레이크
639,042660,대우조선해양
640,042670,두산인프라코어
641,042700,한미반도체
642,044380,주연테크
643,044450,KSS해운
644,044820,코스맥스비티아이
645,047040,대우건설
646,047050,포스코인터내셔널
647,047400,유니온머티리얼
648,047810,한국항공우주
649,049770,동원F&B
650,049800,우진플라임
651,051600,한전KPS
652,051630,진양화학
653,051900,LG생활건강
654,051905,LG생활건강우
655,051910,LG화학
656,051915,LG화학우
657,052690,한전기술
658,053210,스카이라이프
659,053690,한미글로벌
660,055490,테이팩스
661,055550,신한지주
662,057050,현대홈쇼핑
663,058430,포스코강판
664,058650,세아홀딩스
665,058730,다스코
666,058850,KTcs
667,058860,KTis
668,060980,한라홀딩스
669,063160,종근당바이오
670,064350,현대로템
671,064960,S&T모티브
672,066570,LG전자
673,066575,LG전자우
674,067830,세이브존I&C
675,068270,셀트리온
676,068290,삼성출판사
677,068400,SK렌터카
678,069260,휴켐스
679,069460,대호에이엘
680,069500,KODEX 200
681,069620,대웅제약
682,069640,한세엠케이
683,069660,KOSEF 200
684,069730,DSR제강
685,069960,현대백화점
686,070960,용평리조트
687,071050,한국금융지주
688,071055,한국금융지주우
689,071090,하이스틸
690,071320,지역난방공사
691,071840,롯데하이마트
692,071950,코아스
693,071970,STX중공업
694,072130,유엔젤
695,072710,농심홀딩스
696,073240,금호타이어
697,074610,이엔플러스
698,075180,새론오토모티브
699,075580,세진중공업
700,077500,유니퀘스트
701,077970,STX엔진
702,078000,텔코웨어
703,078520,에이블씨엔씨
704,078930,GS
705,078935,GS우
706,079160,CJ CGV
707,079430,현대리바트
708,079550,LIG넥스원
709,079980,휴비스
710,081000,일진다이아
711,081660,휠라홀딩스
712,082640,동양생명
713,082740,HSD엔진
714,083420,그린케미칼
715,084010,대한제강
716,084670,동양고속
717,084680,이월드
718,084690,대상홀딩스
719,084695,대상홀딩스우
720,084870,TBH글로벌
721,085310,엔케이
722,085620,미래에셋생명
723,086280,현대글로비스
724,086790,하나금융지주
725,088260,이리츠코크렙
726,088350,한화생명
727,088790,진도
728,088980,맥쿼리인프라
729,089470,HDC현대EP
730,089590,제주항공
731,090080,평화산업
732,090350,노루페인트
733,090355,노루페인트우
734,090370,메타랩스
735,090430,아모레퍼시픽
736,090435,아모레퍼시픽우
737,091090,세원셀론텍
738,091160,KODEX 반도체
739,091170,KODEX 은행
740,091180,KODEX 자동차
741,091220,TIGER 은행
742,091230,TIGER 반도체
743,091810,티웨이항공
744,092200,디아이씨
745,092220,KEC
746,092230,KPX홀딩스
747,092440,기신정기
748,092780,동양피스톤
749,093050,LF
750,093230,이아이디
751,093240,형지엘리트
752,093370,후성
753,094280,효성ITX
754,094800,맵스리얼티1
755,095570,AJ네트웍스
756,095720,웅진씽크빅
757,096300,베트남개발1
758,096760,JW홀딩스
759,096770,SK이노베이션
760,096775,SK이노베이션우
761,097230,한진중공업
762,097950,CJ제일제당
763,097955,CJ제일제당 우
764,098560,TIGER 방송통신
765,099140,KODEX China H
766,100220,비상교육
767,100250,진양홀딩스
768,100840,S&TC
769,100910,KOSEF KRX100
770,101060,SBS미디어홀딩스
771,101140,비티원
772,101280,KODEX 일본TOPIX100
773,101530,해태제과식품
774,102110,TIGER 200
775,102260,동성코퍼레이션
776,102280,쌍방울
777,102460,이연제약
778,102780,KODEX 삼성그룹
779,102960,KODEX 기계장비
780,102970,KODEX 증권
781,103140,풍산
782,103590,일진전기
783,104520,KOSEF 블루칩
784,104530,KOSEF 고배당
785,104700,한국철강
786,105010,TIGER 라틴35
787,105190,KINDEX 200
788,105560,KB금융
789,105630,한세실업
790,105780,KBSTAR 5대그룹주
791,105840,우진
792,107590,미원홀딩스
793,108450,KINDEX 삼성그룹섹터가중
794,108590,TREX 200
795,108670,LG하우시스
796,108675,LG하우시스우
797,109070,컨버즈
798,111110,호전실업
799,111770,영원무역
800,112610,씨에스윈드
801,114090,GKL
802,114100,KBSTAR 국고채3년
803,114260,KODEX 국고채3년
804,114460,KINDEX 중기국고채
805,114470,KOSEF 국고채3년
806,114800,KODEX 인버스
807,114820,TIGER 국채3년
808,115390,락앤락
809,117460,KODEX 에너지화학
810,117580,대성에너지
811,117680,KODEX 철강
812,117690,TIGER 차이나항셍25
813,117700,KODEX 건설
814,118000,우리들휴브레인
815,119650,KC코트렐
816,120030,조선선재
817,120110,코오롱인더
818,120115,코오롱인더우
819,122090,ARIRANG 코스피50
820,122260,KOSEF 통안채1년
821,122630,KODEX 레버리지
822,122900,아이마켓코리아
823,123310,TIGER 인버스
824,123320,TIGER 레버리지
825,123690,한국화장품
826,123700,SJM
827,123890,한국자산신탁
828,126560,현대에이치씨엔
829,128820,대성산업
830,128940,한미약품
831,129260,인터지스
832,130660,한전산업
833,130680,TIGER 원유선물Enhanced(H)
834,130730,KOSEF 단기자금
835,131890,KINDEX 삼성그룹동일가중
836,132030,KODEX 골드선물(H)
837,133690,TIGER 미국나스닥100
838,133820,화인베스틸
839,134380,미원화학
840,134790,시디즈
841,136340,KBSTAR 중기우량회사채
842,136490,선진
843,137610,TIGER 농산물선물Enhanced(H)
844,137930,마이다스 200커버드콜5%OTM
845,138040,메리츠금융지주
846,138230,KOSEF 미국달러선물
847,138250,엔에스쇼핑
848,138490,코오롱플라스틱
849,138520,TIGER 삼성그룹펀더멘털
850,138530,TIGER LG그룹+펀더멘털
851,138540,TIGER 현대차그룹+펀더멘털
852,138910,KODEX 구리선물(H)
853,138920,KODEX 콩선물(H)
854,138930,BNK금융지주
855,139130,DGB금융지주
856,139220,TIGER 200 건설
857,139230,TIGER 200 중공업
858,139240,TIGER 200 철강소재
859,139250,TIGER 200 에너지화학
860,139260,TIGER 200 IT
861,139270,TIGER 200 금융
862,139280,TIGER 경기방어
863,139290,TIGER 200 경기소비재
864,139310,TIGER 금속선물(H)
865,139320,TIGER 금은선물(H)
866,139480,이마트
867,139660,KOSEF 미국달러선물인버스
868,140570,KBSTAR 수출주
869,140580,KBSTAR 우량업종
870,140700,KODEX 보험
871,140710,KODEX 운송
872,140910,에이리츠
873,140950,파워 코스피100
874,143210,핸즈코퍼레이션
875,143460,KINDEX 밸류대형
876,143850,TIGER 미국S&P500선물(H)
877,143860,TIGER 헬스케어
878,144600,KODEX 은선물(H)
879,144620,코오롱머티리얼
880,145210,세화아이엠씨
881,145270,케이탑리츠
882,145670,KINDEX 인버스
883,145720,덴티움
884,145850,TREX 펀더멘탈 200
885,145990,삼양사
886,145995,삼양사우
887,147970,TIGER 모멘텀
888,148020,KBSTAR 200
889,148070,KOSEF 국고채10년
890,150460,TIGER 중국소비테마
891,152100,ARIRANG 200
892,152280,KOSEF 200 선물
893,152330,코리아오토글라스
894,152380,KODEX 국채선물10년
895,152500,KINDEX 레버리지
896,152550,한국ANKOR유전
897,152870,파워 200
898,153130,KODEX 단기채권
899,153270,KOSEF 코스피100
900,153360,하이골드3호
901,155660,DSR
902,155900,바다로19호
903,156080,KODEX MSCI Korea
904,157450,TIGER 단기통안채
905,157490,TIGER 소프트웨어
906,157500,TIGER 증권
907,159800,마이티 코스피100
908,160580,TIGER 구리실물
909,161000,애경유화
910,161390,한국타이어앤테크놀로지
911,161510,ARIRANG 고배당주
912,161890,한국콜마
913,163560,동일고무벨트
914,166400,TIGER 200커버드콜5%OTM
915,167860,KOSEF 국고채10년레버리지
916,168300,KTOP 코스피50
917,168490,한국패러랠
918,168580,KINDEX 중국본토CSI300
919,169950,KODEX 중국본토 A50
920,170350,TIGER 베타플러스
921,170900,동아에스티
922,172580,하이골드12호
923,174350,TIGER 로우볼
924,174360,KBSTAR 중국본토대형주CSI100
925,175330,JB금융지주
926,176710,파워 중기국고채
927,176950,KODEX 국채선물10년인버스
928,180640,한진칼
929,18064K,한진칼우
930,181480,KINDEX 미국다우존스리츠(합성 H)
931,181710,NHN
932,182480,TIGER 미국MSCI리츠(합성 H)
933,182490,TIGER 단기선진하이일드(합성 H)
934,183190,아세아시멘트
935,183700,KBSTAR 채권혼합
936,183710,KBSTAR 주식혼합
937,185680,KODEX 미국S&P바이오(합성)
938,185750,종근당
939,189400,ARIRANG 글로벌MSCI(합성 H)
940,190160,ARIRANG 단기유동성
941,190620,KINDEX 단기통안채
942,192080,더블유게임즈
943,192090,TIGER 차이나CSI300
944,192400,쿠쿠홀딩스
945,192650,드림텍
946,192720,파워 고배당저변동성
947,192820,코스맥스
948,194370,제이에스코퍼레이션
949,195870,해성디에스
950,195920,TIGER 일본TOPIX(합성 H)
951,195930,TIGER 유로스탁스50(합성 H)
952,195970,ARIRANG 선진국MSCI(합성 H)
953,195980,ARIRANG 신흥국MSCI(합성 H)
954,196030,KINDEX 일본TOPIX레버리지(H)
955,196230,KBSTAR 단기통안채
956,200030,KODEX 미국S&P산업재(합성)
957,200250,KOSEF 인도Nifty50(합성)
958,200880,서연이화
959,203780,TIGER 미국나스닥바이오
960,204210,모두투어리츠
961,204320,만도
962,204450,KODEX China H 레버리지(H)
963,204480,TIGER 차이나CSI300레버리지(합성)
964,205720,KINDEX 일본TOPIX인버스(합성 H)
965,207940,삼성바이오로직스
966,208470,SMART 선진국MSCI World(합성 H)
967,210540,디와이파워
968,210780,TIGER 코스피고배당
969,210980,SK디앤디
970,211260,KINDEX 배당성장
971,211560,TIGER 배당성장
972,211900,KODEX 배당성장
973,213500,한솔제지
974,213610,KODEX 삼성그룹밸류
975,213630,ARIRANG 미국다우존스고배당주(합성 H)
976,214320,이노션
977,214330,금호에이치티
978,214390,경보제약
979,214420,토니모리
980,214980,KODEX 단기채권PLUS
981,215620,흥국 S&P코리아로우볼
982,217770,TIGER 원유선물인버스(H)
983,217780,TIGER 차이나CSI300인버스(합성)
984,217790,TIGER 가격조정
985,218420,KODEX 미국S&P에너지(합성)
986,219390,KBSTAR 미국S&P원유생산기업(합성 H)
987,219480,KODEX 미국S&P500선물(H)
988,219900,KINDEX 중국본토CSI300레버리지(합성)
989,220130,SMART 중국본토 중소형 CSI500(합성 H)
990,223190,KODEX 200가치저변동
991,225030,TIGER 미국S&P500선물인버스(H)
992,225040,TIGER 미국S&P500레버리지(합성 H)
993,225050,TIGER 유로스탁스레버리지(합성 H)
994,225060,TIGER 이머징마켓MSCI레버리지(합성 H)
995,225130,KINDEX 골드선물 레버리지(합성 H)
996,225800,KOSEF 미국달러선물레버리지
997,226320,잇츠한불
998,226380,KINDEX 한류
999,226490,KODEX 코스피
1000,226980,KODEX 200 중소형
1001,227540,TIGER 200 헬스케어
1002,227550,TIGER 200 산업재
1003,227560,TIGER 200 생활소비재
1004,227570,TIGER 우량가치
1005,227830,ARIRANG 코스피
1006,227840,현대코퍼레이션홀딩스
1007,228790,TIGER 화장품
1008,228800,TIGER 여행레저
1009,228810,TIGER 미디어컨텐츠
1010,228820,TIGER KTOP30
1011,229200,KODEX 코스닥 150
1012,229640,LS전선아시아
1013,229720,KODEX KTOP30
1014,230480,KOSEF 미국달러선물인버스2X
1015,232080,TIGER 코스닥150
1016,233160,TIGER 코스닥150 레버리지
1017,233740,KODEX 코스닥150 레버리지
1018,234080,JW생명과학
1019,234310,KBSTAR V&S셀렉트밸류
1020,236350,TIGER 인도니프티50레버리지(합성)
1021,237350,KODEX 코스피100
1022,237370,KODEX 배당성장채권혼합
1023,237440,TIGER 경기방어채권혼합
1024,238670,ARIRANG 스마트베타Quality채권혼합
1025,238720,KINDEX 일본Nikkei225(H)
1026,239660,ARIRANG 우량회사채50 1년
1027,241180,TIGER 일본니케이225
1028,241390,KBSTAR V&S셀렉트밸류채권혼합
1029,241560,두산밥캣
1030,241590,화승엔터프라이즈
1031,243880,TIGER 200IT레버리지
1032,243890,TIGER 200에너지화학레버리지
1033,244580,KODEX 바이오
1034,244620,KODEX 모멘텀Plus
1035,244660,KODEX 퀄리티Plus
1036,244670,KODEX 밸류Plus
1037,245340,TIGER 미국다우존스30
1038,245350,TIGER 유로스탁스배당30
1039,245360,TIGER 차이나HSCEI
1040,245710,KINDEX 베트남VN30(합성)
1041,247780,KODEX 가치투자
1042,247790,KODEX 성장투자
1043,247800,KODEX 턴어라운드투자
1044,248170,샘표식품
1045,248260,TIGER 일본TOPIX헬스케어(합성)
1046,248270,TIGER S&P글로벌헬스케어(합성)
1047,249420,일동제약
1048,250730,KBSTAR 차이나HSCEI(H)
1049,250780,TIGER 코스닥150선물인버스
1050,251270,넷마블
1051,251340,KODEX 코스닥150선물인버스
1052,251350,KODEX 선진국MSCI World
1053,251590,ARIRANG 고배당저변동50
1054,251600,ARIRANG 고배당주채권혼합
1055,251890,KINDEX 코스닥(합성)
1056,252000,TIGER 200동일가중
1057,252400,KBSTAR 200선물레버리지
1058,252410,KBSTAR 200선물인버스
1059,252420,KBSTAR 200선물인버스2X
1060,252650,KODEX 200동일가중
1061,252670,KODEX 200선물인버스2X
1062,252710,TIGER 200선물인버스2X
1063,252720,KBSTAR 모멘텀밸류
1064,252730,KBSTAR 모멘텀로우볼
1065,253150,ARIRANG 200선물레버리지
1066,253160,ARIRANG 200선물인버스2X
1067,253230,KOSEF 200선물인버스2X
1068,253240,KOSEF 200선물인버스
1069,253250,KOSEF 200선물레버리지
1070,253280,KBSTAR 헬스케어
1071,253290,KBSTAR 헬스케어채권혼합
1072,256440,KINDEX 인도네시아MSCI(합성)
1073,256450,ARIRANG 심천차이넥스트(합성)
1074,256750,KODEX 심천ChiNext(합성)
1075,260200,KOSEF 배당바이백Plus
1076,260270,KOSEF 저PBR가중
1077,261060,TIGER 코스닥150IT
1078,261070,TIGER 코스닥150바이오테크
1079,261110,TIGER 미국달러선물레버리지
1080,261120,TIGER 미국달러선물인버스2X
1081,261140,TIGER 우선주
1082,261220,KODEX WTI원유선물(H)
1083,261240,KODEX 미국달러선물
1084,261250,KODEX 미국달러선물레버리지
1085,261260,KODEX 미국달러선물인버스2X
1086,261270,KODEX 미국달러선물인버스
1087,261920,KINDEX 필리핀MSCI(합성)
1088,263190,ARIRANG 단기우량채권
1089,264900,크라운제과
1090,26490K,크라운제과우
1091,265690,KINDEX 러시아MSCI(합성)
1092,266140,TIGER 지속배당
1093,266160,KBSTAR 고배당
1094,266360,KODEX 미디어&엔터테인먼트
1095,266370,KODEX IT
1096,266390,KODEX 경기소비재
1097,266410,KODEX 필수소비재
1098,266420,KODEX 헬스케어
1099,266550,ARIRANG 중형주저변동50
1100,267250,현대중공업지주
1101,267260,현대일렉트릭
1102,267270,현대건설기계
1103,267290,경동도시가스
1104,267440,KBSTAR 미국장기국채선물(H)
1105,267450,KBSTAR 미국장기국채선물인버스(H)
1106,267490,KBSTAR 미국장기국채선물레버리지(합성 H)
1107,267500,KBSTAR 미국장기국채선물인버스2X(합성 H)
1108,267770,TIGER 200선물레버리지
1109,267850,아시아나IDT
1110,268280,미원에스씨
1111,269370,TIGER S&P글로벌인프라(합성)
1112,269420,KODEX S&P글로벌인프라(합성)
1113,269530,ARIRANG S&P글로벌인프라
1114,269540,ARIRANG 미국S&P500(H)
1115,270800,KBSTAR KQ고배당
1116,270810,KBSTAR 코스닥150
1117,271050,KODEX WTI원유선물인버스(H)
1118,271060,KODEX 3대농산물선물(H)
1119,271560,오리온
1120,271980,제일약품
1121,272210,한화시스템
1122,272220,KINDEX 스마트모멘텀
1123,272230,KINDEX 스마트밸류
1124,272450,진에어
1125,272550,삼양패키징
1126,272560,KBSTAR 단기국공채액티브
1127,272570,KBSTAR 중장기국공채액티브
1128,272580,TIGER 단기채권액티브
1129,272910,KINDEX 중장기국공채액티브
1130,273130,KODEX 종합채권(AA-이상)액티브
1131,273140,KODEX 단기변동금리부채권액티브
1132,275280,KODEX MSCI모멘텀
1133,275290,KODEX MSCI밸류
1134,275300,KODEX MSCI퀄리티
1135,275750,KBSTAR 코스닥150선물인버스
1136,275980,TIGER 글로벌4차산업혁신기술(합성 H)
1137,276000,TIGER 글로벌자원생산기업(합성 H)
1138,276650,KBSTAR 글로벌4차산업IT(합성 H)
1139,276970,KODEX 미국S&P고배당커버드콜(합성 H)
1140,276990,KODEX 글로벌4차산업로보틱스(합성)
1141,277540,KINDEX S&P아시아TOP50
1142,277630,TIGER 코스피
1143,277640,TIGER 코스피대형주
1144,277650,TIGER 코스피중형주
1145,278240,KBSTAR 코스닥150선물레버리지
1146,278420,ARIRANG ESG우수기업
1147,278530,KODEX 200TR
1148,278540,KODEX MSCI Korea TR
1149,278620,ARIRANG 단기채권액티브
1150,279530,KODEX 고배당
1151,279540,KODEX 최소변동성
1152,280320,KINDEX 미국4차산업인터넷(합성 H)
1153,280360,롯데제과
1154,280920,ARIRANG 주도업종
1155,280930,KODEX 미국러셀2000(H)
1156,280940,KODEX 골드선물인버스(H)
1157,281820,케이씨텍
1158,281990,KBSTAR 중소형고배당
1159,282000,KBSTAR 국고채3년선물인버스
1160,282330,BGF리테일
1161,282690,동아타이어
1162,283580,KODEX 중국본토CSI300
1163,284430,KODEX 200미국채혼합
1164,284740,쿠쿠홈시스
1165,284980,KBSTAR 200금융
1166,284990,KBSTAR 200에너지화학
1167,285000,KBSTAR 200IT
1168,285010,KBSTAR 200중공업
1169,285020,KBSTAR 200철강소재
1170,285130,SK케미칼
1171,28513K,SK케미칼우
1172,285690,FOCUS ESG리더스
1173,286940,롯데정보통신
1174,287180,ARIRANG 미국나스닥기술주
1175,287300,KBSTAR 200건설
1176,287310,KBSTAR 200경기소비재
1177,287320,KBSTAR 200산업재
1178,287330,KBSTAR 200생활소비재
1179,289040,KODEX MSCI KOREA ESG유니버설
1180,289250,TIGER MSCI KOREA ESG유니버설
1181,289260,TIGER MSCI KOREA ESG리더스
1182,289480,TIGER 200커버드콜ATM
1183,289670,ARIRANG 국채선물10년
1184,290080,KBSTAR 200고배당커버드콜ATM
1185,290130,KBSTAR ESG사회책임투자
1186,291130,KINDEX 멕시코MSCI(합성)
1187,291610,KOSEF 코스닥150선물
1188,291620,KOSEF 코스닥150선물인버스
1189,291630,KOSEF 코스닥150선물레버리지
1190,291660,KODEX China H선물인버스(H)
1191,291680,KBSTAR 차이나H선물인버스(H)
1192,291890,KODEX MSCI EM선물(H)
1193,292050,KBSTAR KRX300
1194,292100,TIGER 대형성장
1195,292110,TIGER 대형가치
1196,292120,TIGER 중소형
1197,292130,TIGER 중소형성장
1198,292140,TIGER 중소형가치
1199,292150,TIGER TOP10
1200,292160,TIGER KRX300
1201,292190,KODEX KRX300
1202,292340,마이티 200커버드콜ATM레버리지
1203,292500,SMART KRX300
1204,292560,TIGER 일본엔선물
1205,292570,TIGER 일본엔선물레버리지
1206,292580,TIGER 일본엔선물인버스
1207,292590,TIGER 일본엔선물인버스2X
1208,292730,FOCUS KRX300
1209,292750,ARIRANG KRX300
1210,292770,KODEX 국채선물3년인버스
1211,293180,HANARO 200
1212,293480,하나제약
1213,293940,신한알파리츠
1214,294400,KOSEF 200TR
1215,294870,HDC현대산업개발
1216,295000,KBSTAR 국채선물10년
1217,295020,KBSTAR 국채선물10년인버스
1218,295040,SMART 200TR
1219,295820,ARIRANG 200동일가중
1220,296710,KODEX FnKorea50
1221,298000,효성화학
1222,298020,효성티앤씨
1223,298040,효성중공업
1224,298050,효성첨단소재
1225,298340,ARIRANG 국채선물3년
1226,298690,에어부산
1227,298770,KODEX 한국대만IT프리미어
1228,299070,KINDEX 국채선물10년인버스
1229,299080,KINDEX 국채선물3년인버스
1230,300280,KBSTAR 중소형모멘텀로우볼
1231,300290,KBSTAR 중소형모멘텀밸류
1232,300610,TIGER K게임
1233,300640,KBSTAR 게임테마
1234,300720,한일시멘트
1235,300950,KODEX 게임산업
1236,301400,ARIRANG 코스닥150
1237,301410,ARIRANG 코스닥150선물인버스
1238,301440,ARIRANG 코스피중형주
1239,302170,TIGER 국채선물3년인버스
1240,302180,TIGER 국채선물10년인버스
1241,302190,TIGER 중장기국채
1242,302200,TIGER 중장기국채선물인버스
1243,302210,TIGER 중장기국채선물인버스2X
1244,302450,KBSTAR 코스피
1245,304660,KODEX 미국채울트라30년선물(H)
1246,304670,KODEX 미국채울트라30년선물인버스(H)
1247,304760,HANARO KRX300
1248,304770,HANARO 코스닥150
1249,304780,HANARO 200선물레버리지
1250,304940,KODEX 미국나스닥100선물(H)
1251,305050,KINDEX 코스피
1252,305080,TIGER 미국채10년선물
1253,305540,TIGER 2차전지테마
1254,305720,KODEX 2차전지산업
1255,306200,세아제강
1256,306520,HANARO 200선물인버스
1257,306530,HANARO 코스닥150선물레버리지
1258,306540,HANARO 단기통안채
1259,306950,KODEX KRX300레버리지
1260,306960,KODEX KRX300선물인버스
1261,307010,KBSTAR KRX300레버리지
1262,307020,KBSTAR KRX300선물인버스
1263,307510,TIGER 의료기기
1264,307520,TIGER 지주회사
1265,307610,TIGER KRX300레버리지
1266,307620,TIGER KRX300선물인버스
1267,307950,현대오토에버
1268,308170,센트랄모텍
1269,308620,KODEX 미국채10년선물
1270,309170,ARIRANG KRX300IT
1271,309210,ARIRANG KRX300헬스케어
1272,309230,KINDEX 미국WideMoat가치주
1273,310080,KBSTAR 중국MSCI China선물(H)
1274,310960,TIGER 200TR
1275,310970,TIGER MSCI Korea TR
1276,314250,KODEX 미국FANG플러스(H)
1277,314700,HANARO 농업융복합산업
1278,315270,TIGER 200커뮤니케이션서비스
1279,315480,KBSTAR 200커뮤니케이션서비스
1280,315930,KODEX Top5PlusTR
1281,315960,KBSTAR 대형고배당10TR
1282,316140,우리금융지주
1283,316300,KINDEX 싱가포르리츠
1284,316670,KOSEF 코스닥150
1285,317400,자이에스앤디
1286,319640,TIGER 골드선물(H)
1287,319870,KBSTAR KRX300미국달러선물혼합
1288,321410,KODEX 멀티에셋하이인컴(H)
1289,322000,현대에너지솔루션
1290,322120,KINDEX 스마트퀄리티
1291,322130,KINDEX 스마트로우볼
1292,322150,KINDEX 스마트하이베타
1293,322400,HANARO e커머스
1294,322410,HANARO 고배당
1295,325010,KODEX Fn성장
1296,325020,KODEX 배당가치
1297,326030,SK바이오팜
1298,326230,KBSTAR 내수주플러스
1299,326240,KBSTAR IT플러스
1300,328370,ARIRANG 코스피TR
1301,329200,TIGER 부동산인프라고배당
1302,329650,KODEX TRF3070
1303,329660,KODEX TRF5050
1304,329670,KODEX TRF7030
1305,329750,TIGER 미국달러단기채권액티브
1306,330590,롯데리츠
1307,331910,KOSEF Fn중소형
1308,332500,KINDEX 200TR
1309,332610,ARIRANG 미국단기우량회사채
1310,332620,ARIRANG 미국장기우량회사채
1311,332930,HANARO 200TR
1312,332940,HANARO MSCI Korea TR
1313,333940,ARIRANG KS로우볼가중TR
1314,333950,ARIRANG KS로우사이즈가중TR
1315,333960,ARIRANG KS모멘텀가중TR
1316,333970,ARIRANG KS밸류가중TR
1317,333980,ARIRANG KS퀄리티가중TR
1318,334690,KBSTAR 팔라듐선물(H)
1319,334700,KBSTAR 팔라듐선물인버스(H)
1320,334890,이지스밸류리츠
1321,336160,KBSTAR 금융채액티브
1322,336260,두산퓨얼셀
1323,33626K,두산퓨얼셀1우
1324,33626L,두산퓨얼셀2우B
1325,336370,두산솔루스
1326,33637K,두산솔루스1우
1327,33637L,두산솔루스2우B
1328,337120,KODEX Fn멀티팩터
1329,337140,KODEX 코스피대형주
1330,337150,KODEX 200exTOP
1331,337160,KODEX 200ESG
1332,338100,NH프라임리츠
1333,341850,TIGER KIS부동산인프라채권TR
1334,342140,KINDEX 모닝스타싱가포르리츠채권혼합
1335,342500,KBSTAR KRX국채선물3년10년스티프너
1336,342600,KBSTAR KRX국채선물3년10년스티프너2X
1337,342610,KBSTAR KRX국채선물3년10년플래트너
1338,342620,KBSTAR KRX국채선물3년10년플래트너2X
1339,344820,케이씨씨글라스
1340,346000,HANARO KAP초장기국고채
1341,348950,제이알글로벌리츠
1342,350520,이지스레지던스리츠
1343,352540,KODEX TSE일본리츠(H)
1344,352560,KODEX 다우존스미국리츠(H)
1345,353200,대덕전자
1346,35320K,대덕전자1우
1347,354240,KBSTAR 미국고정배당우선증권ICE TR
1348,354350,HANARO 글로벌럭셔리S&P(합성)
1349,354500,KINDEX 코스닥150
1350,356540,KINDEX KIS종합채권(AA-이상)액티브
1351,357250,미래에셋맵스리츠
1352,357870,TIGER CD금리투자KIS(합성)
1353,359210,KODEX 코스피TR
1354,360200,KINDEX 미국S&P500
1355,360750,TIGER 미국S&P500
1356,500053,신한 레버리지 천연가스 선물 ETN
1357,500054,신한 인버스 2X 천연가스 선물 ETN
1358,500007,신한 인버스 은 선물 ETN(H)
1359,500039,신한 코스피 콘도르 4/10% ETN
1360,500042,신한 코스피 콘도르 6/10% ETN
1361,500043,신한 코스피 콘도르 4/10% 콜 2204-01 ETN
1362,500044,신한 코스피 콘도르 6/10% 콜 2204-01 ETN
1363,500052,신한 FnGuide 5G 테마주 ETN
1364,500001,신한 K200 USD 선물 바이셀 ETN
1365,500002,신한 USD K200 선물 바이셀 ETN
1366,500035,신한 레버리지 미국달러 선물 ETN
1367,500036,신한 인버스 2X 미국달러 선물 ETN
1368,500046,신한 코스피 월별 양매도 3% OTM ETN
1369,500047,신한 코스피 월별 양매도 5% OTM ETN
1370,500048,신한 코스피 월별 양매도 3% 콜 2206-1 ETN
1371,500049,신한 코스피 월별 양매도 5% 콜 2206-1 ETN
1372,500020,신한 레버리지 다우존스지수 선물 ETN(H)
1373,500028,신한 인버스 2X 다우존스지수 선물 ETN(H)
1374,500050,신한 레버리지 S&P500 선물 ETN
1375,500051,신한 인버스 2X S&P500 선물 ETN
1376,500003,신한 인버스 WTI원유 선물 ETN(H)
1377,500004,신한 브렌트원유 선물 ETN(H)
1378,500005,신한 인버스 브렌트원유 선물 ETN(H)
1379,500006,신한 인버스 금 선물 ETN(H)
1380,500008,신한 인버스 구리 선물 ETN(H)
1381,500009,신한 다우존스지수 선물 ETN(H)
1382,500010,신한 인버스 다우존스지수 선물 ETN(H)
1383,500011,신한 달러인덱스 선물 ETN(H)
1384,500012,신한 인버스 달러인덱스 선물 ETN(H)
1385,500013,신한 옥수수 선물 ETN(H)
1386,500014,신한 인버스 옥수수 선물 ETN(H)
1387,500015,신한 WTI원유 선물 ETN(H)
1388,500016,신한 금 선물 ETN(H)
1389,500017,신한 은 선물 ETN(H)
1390,500018,신한 구리 선물 ETN(H)
1391,500019,신한 레버리지 WTI원유 선물 ETN(H)
1392,500021,신한 천연가스 선물 ETN(H)
1393,500022,신한 인버스 천연가스 선물 ETN(H)
1394,500023,신한 콩 선물 ETN(H)
1395,500024,신한 인버스 콩 선물 ETN(H)
1396,500027,신한 인버스 2X WTI원유 선물 ETN(H)
1397,500029,신한 레버리지 은 선물 ETN(H)
1398,500030,신한 인버스 2X 은 선물 ETN(H)
1399,500031,신한 레버리지 천연가스 선물 ETN(H)
1400,500032,신한 인버스 2X 천연가스 선물 ETN(H)
1401,500037,신한 레버리지 금 선물 ETN
1402,500038,신한 인버스 2X 금 선물 ETN
1403,500040,신한 레버리지 구리 선물 ETN
1404,500041,신한 인버스 2X 구리 선물 ETN
1405,500045,신한 S&P500 VIX S/T 선물 ETN B
1406,510001,대신 WTI원유 선물 ETN(H)
1407,510011,대신 골드 커버드콜 타겟 5%인컴 ETN(H)
1408,510002,대신 아연선물 ETN(H)
1409,510003,대신 니켈선물 ETN(H)
1410,510004,대신 인버스 아연선물 ETN(H)
1411,510005,대신 2X 아연선물 ETN(H)
1412,510006,대신 인버스 니켈선물 ETN(H)
1413,510007,대신 2X 니켈선물 ETN(H)
1414,510010,대신 인버스 2X 니켈선물 ETN(H)
1415,510008,대신 철광석 선물 ETN(H)
1416,510009,대신 인버스 철광석 선물 ETN(H)
1417,520004,미래에셋 전기전자 Core5 ETN
1418,520005,미래에셋 인버스 전기전자 Core5 ETN
1419,520006,미래에셋 에너지화학 Core5 ETN
1420,520007,미래에셋 인버스 에너지화학 Core5 ETN
1421,520013,미래에셋 Q150 Core5 ETN
1422,520014,미래에셋 미디어엔터 Core5 ETN
1423,520015,미래에셋 인버스 미디어엔터 Core5 ETN
1424,520026,미래에셋 코스피 양매도 5% OTM ETN
1425,520009,미래에셋 레버리지 원유선물혼합 ETN(H)
1426,520010,미래에셋 원유선물혼합 ETN(H)
1427,520011,미래에셋 인버스 원유선물혼합 ETN(H)
1428,520020,미래에셋 미국 시니어론 100 ETN(H)
1429,520021,미래에셋 미국 시니어론 100 ETN
1430,520012,미래에셋 호주 ASX200 ETN(H)
1431,520003,미래에셋 원자재 선물 ETN(H)
1432,530003,삼성 모멘텀 탑픽 ETN
1433,530004,삼성 화장품 테마주 ETN
1434,530005,삼성 바이오 테마주 ETN
1435,530006,삼성 음식료 테마주 ETN
1436,530007,삼성 레저 테마주 ETN
1437,530008,삼성 미디어 테마주 ETN
1438,530009,삼성 증권 테마주 ETN
1439,530010,삼성 건축자재 테마주 ETN
1440,530011,삼성 온라인쇼핑 테마주 ETN
1441,530012,삼성 화학 테마주 ETN
1442,530013,삼성 KTOP30 ETN
1443,530067,삼성 KRX 금현물 ETN
1444,530053,삼성 코스피 풋매도 ETN
1445,530060,삼성 코스피 양매도 5% OTM ETN
1446,530066,삼성 코스피 풋매도 4% OTM ETN
1447,530015,삼성 미국 대형 성장주 ETN(H)
1448,530016,삼성 미국 대형 가치주 ETN(H)
1449,530017,삼성 미국 중소형 성장주 ETN(H)
1450,530018,삼성 미국 중소형 가치주 ETN(H)
1451,530019,삼성 미국 대형 성장주 ETN
1452,530020,삼성 미국 대형 가치주 ETN
1453,530021,삼성 미국 중소형 성장주 ETN
1454,530022,삼성 미국 중소형 가치주 ETN
1455,530032,삼성 Cushing 에너지인프라 MLP ETN
1456,530033,삼성 Alerian 에너지인프라 MLP ETN
1457,530031,삼성 레버리지 WTI원유 선물 ETN
1458,530036,삼성 인버스 2X WTI원유 선물 ETN
1459,530037,삼성 레버리지 천연가스 선물 ETN
1460,530038,삼성 인버스 2X 천연가스 선물 ETN
1461,530055,삼성 레버리지 금 선물 ETN(H)
1462,530056,삼성 인버스 2X 금 선물 ETN(H)
1463,530061,삼성 레버리지 은 선물 ETN(H)
1464,530062,삼성 인버스 2X 은 선물 ETN(H)
1465,530063,삼성 레버리지 구리 선물 ETN(H)
1466,530064,삼성 인버스 2X 구리 선물 ETN(H)
1467,530065,삼성 S&P500 VIX S/T 선물 ETN(H) B
1468,530002,삼성 인버스 China A50 선물 ETN(H)
1469,530014,삼성 China A50 선물 ETN(H)
1470,530023,삼성 레버리지 China A50 선물 ETN(H)
1471,550001,QV Big Vol ETN
1472,550002,QV WISE 배당 ETN
1473,550004,QV 롱숏 K150 매수 로우볼 매도 ETN
1474,550005,QV 에너지 TOP5 ETN
1475,550006,QV 내수소비 TOP5 ETN
1476,550007,QV 조선 TOP5 ETN
1477,550008,QV 소프트웨어 TOP5 ETN
1478,550009,QV 하드웨어 TOP5 ETN
1479,550010,QV 운송 TOP5 ETN
1480,550011,QV 자동차 TOP5 ETN
1481,550012,QV 의료 TOP5 ETN
1482,550013,QV 화학 TOP5 ETN
1483,550014,QV 바이오 TOP5 ETN
1484,550015,QV 제약 TOP5 ETN
1485,550016,QV 건설 TOP5 ETN
1486,550026,QV KTOP30 ETN
1487,550033,QV 스마트리밸런싱 260/4 ETN
1488,550046,QV 레버리지 10년 국채선물 ETN
1489,550047,QV 인버스 레버리지 10년 국채선물 ETN
1490,550056,QV 코스피 양매도 5% OTM ETN
1491,550057,QV 코스피 변동성 매칭형 양매도 ETN
1492,550041,QV 미국 IT TOP5 ETN(H)
1493,550044,QV 레버리지 S&P500 ETN
1494,550045,QV 인버스 레버리지 S&P500 ETN
1495,550052,QV MSCI 선진국 ETN
1496,550053,QV 인버스 MSCI 선진국 ETN
1497,550054,QV 레버리지 MSCI 선진국 ETN
1498,550055,QV 인버스 레버리지 MSCI 선진국 ETN
1499,550042,QV 레버리지 WTI원유 선물 ETN(H)
1500,550043,QV 인버스 레버리지 WTI원유 선물 ETN(H)
1501,550058,QV S&P500 VIX S/T 선물 ETN B
1502,550018,QV CHINEXT ETN(H)
1503,570045,TRUE 레버리지 천연가스 선물 ETN(H)
1504,570046,TRUE 인버스 2X 천연가스 선물 ETN(H)
1505,570047,TRUE FTSE100 ETN
1506,570048,TRUE 유로스탁스50 양매도 5% OTM ETN(H)
1507,570049,TRUE S&P500 양매도 4% OTM ETN(H)
1508,570003,TRUE 빅5 동일가중 ETN
1509,570008,TRUE 섹터탑픽 ETN
1510,570009,TRUE 코리아프리미어 ETN
1511,570019,TRUE 코스피 양매도 5% OTM ETN
1512,570020,TRUE 코스피 커버드콜 ETN B
1513,570021,TRUE 코스피 커버드풋 ETN B
1514,570024,TRUE 코스피 타겟볼20 ETN
1515,570029,TRUE 코스피 양매도 3% OTM ETN
1516,570030,TRUE 코스피 양매도 ATM ETN
1517,570022,TRUE 레버리지 S&P500 선물 ETN(H)
1518,570023,TRUE 인버스 2X S&P500 선물 ETN(H)
1519,570042,TRUE 인버스 나스닥 100 ETN
1520,570043,TRUE 레버리지 나스닥 100 ETN
1521,570044,TRUE 인버스 2X 나스닥 100 ETN
1522,570025,TRUE 인버스 유로스탁스50 ETN(H) B
1523,570026,TRUE 레버리지 유로스탁스50 ETN(H)
1524,570027,TRUE 인버스 2X 유로스탁스50 ETN(H)
1525,570037,TRUE 유로선물 ETN B
1526,570038,TRUE 인버스 유로선물 ETN B
1527,570034,TRUE 엔선물 ETN B
1528,570035,TRUE 레버리지 엔선물 ETN B
1529,570036,TRUE 인버스 엔선물 ETN B
1530,570028,TRUE 인버스 HSCEI ETN(H) B
1531,570031,TRUE 레버리지 HSCEI ETN(H)
1532,570032,TRUE 인버스 2X HSCEI ETN(H)
1533,580006,KB KTOP30 ETN
1534,580007,KB KQ 우량주30 ETN
1535,580008,KB 코스피 양매도 5% OTM ETN
1536,580009,KB 코스피 마운틴 ETN
1537,580010,KB Wise 분할매매 ETN
1538,590007,미래에셋 미국 대형주 ETN(H)
1539,590008,미래에셋 미국 중형주 ETN(H)
1540,590009,미래에셋 미국 항공우주 ETN(H)
1541,590010,미래에셋 레버리지 S&P500 ETN(H)
1542,590011,미래에셋 인버스 S&P500 ETN(H)
1543,590013,미래에셋 미국 리츠 ETN(H)
1544,590016,미래에셋 미국 헬스케어 ETN(H)
1545,590017,미래에셋 미국 고배당주 ETN(H)
1546,590003,미래에셋 유럽 대형주 ETN(H)
1547,590004,미래에셋 유럽 중형주 ETN(H)
1548,590005,미래에셋 일본 대형주 ETN(H)
1549,590006,미래에셋 일본 중형주 ETN(H)
1550,590018,미래에셋 중국 심천 100 ETN
1551,590012,미래에셋 글로벌 리츠 ETN(H)
1552,700001,하나 코스피 변동성추세 추종 양매도 ETN
1553,900140,엘브이엠씨홀딩스
1554,,
