,업종,종목코드,종목명,코스닥여부
0,증권,001515,SK증권우,N
1,증권,001290,상상인증권,N
2,증권,003460,유화증권,N
3,증권,001750,한양증권,N
4,증권,003530,한화투자증권,N
5,증권,003465,유화증권우,N
6,증권,030610,교보증권,N
7,증권,190650,코리아에셋투자증권,Y
8,증권,003470,유안타증권,N
9,증권,001720,신영증권,N
10,증권,001500,현대차증권,N
11,증권,003540,대신증권,N
12,증권,039490,키움증권,N
13,증권,032190,다우데이타,Y
14,증권,003545,대신증권우,N
15,증권,003535,한화투자증권우,N
16,증권,001510,SK증권,N
17,증권,003547,대신증권2우B,N
18,증권,030210,KTB투자증권,N
19,증권,001270,부국증권,N
20,증권,001725,신영증권우,N
21,증권,001275,부국증권우,N
22,증권,078020,이베스트투자증권,Y
23,증권,006800,미래에셋대우,N
24,증권,071050,한국금융지주,N
25,증권,006805,미래에셋대우우,N
26,증권,005945,NH투자증권우,N
27,증권,001200,유진투자증권,N
28,증권,00680K,미래에셋대우2우B,N
29,증권,016610,DB금융투자,N
30,증권,016360,삼성증권,N
31,증권,001755,한양증권우,N
32,증권,005940,NH투자증권,N
33,증권,071055,한국금융지주우,N
34,증권,003475,유안타증권우,N
35,증권,008560,메리츠증권,N
36,은행,175330,JB금융지주,N
37,은행,139130,DGB금융지주,N
38,은행,138930,BNK금융지주,N
39,은행,086790,하나금융지주,N
40,은행,024110,기업은행,N
41,은행,006220,제주은행,N
42,은행,105560,KB금융,N
43,은행,055550,신한지주,N
44,은행,316140,우리금융지주,N
45,기타,323350,다원넥스뷰,N
46,기타,223220,아이피몬스터,N
47,기타,232530,이엠티,N
48,기타,092590,럭스피아,N
49,기타,215050,비엔디생활건강,N
50,기타,276240,엘리비젼,N
51,기타,149300,아퓨어스,N
52,기타,530068,삼성 레버리지 천연가스 선물 ETN B,N
53,기타,570045,TRUE 레버리지 천연가스 선물 ETN(H),N
54,기타,500053,신한 레버리지 천연가스 선물 ETN,N
55,기타,500031,신한 레버리지 천연가스 선물 ETN(H),N
56,기타,086080,다이노나,N
57,기타,520009,미래에셋 레버리지 원유선물혼합 ETN(H),N
58,기타,158300,에스에이티이엔지,N
59,기타,202960,판도라티비,N
60,기타,530037,삼성 레버리지 천연가스 선물 ETN,N
61,기타,086220,네추럴FNP,N
62,기타,267060,명진홀딩스,N
63,기타,148780,비플라이소프트,N
64,기타,530061,삼성 레버리지 은 선물 ETN(H),N
65,기타,250030,진코스텍,N
66,기타,530031,삼성 레버리지 WTI원유 선물 ETN,N
67,기타,271850,다이오진,N
68,기타,500029,신한 레버리지 은 선물 ETN(H),N
69,기타,530033,삼성 Alerian 에너지인프라 MLP ETN,N
70,기타,327610,펨토바이오메드,N
71,기타,530032,삼성 Cushing 에너지인프라 MLP ETN,N
72,기타,510007,대신 2X 니켈선물 ETN(H),N
73,기타,550042,QV 레버리지 WTI원유 선물 ETN(H),N
74,기타,200580,메디쎄이,N
75,기타,500019,신한 레버리지 WTI원유 선물 ETN(H),N
76,기타,500021,신한 천연가스 선물 ETN(H),N
77,기타,203400,에이비온,N
78,기타,520010,미래에셋 원유선물혼합 ETN(H),N
79,기타,500015,신한 WTI원유 선물 ETN(H),N
80,기타,236340,메디젠휴먼케어,N
81,기타,261220,KODEX WTI원유선물(H),N
82,기타,159800,마이티 코스피100,N
83,기타,303360,프로테옴텍,N
84,기타,185680,KODEX 미국S&P바이오(합성),N
85,기타,176750,듀켐바이오,N
86,기타,203780,TIGER 미국나스닥바이오,N
87,기타,322970,무진메디,N
88,기타,500004,신한 브렌트원유 선물 ETN(H),N
89,기타,212310,휴벡셀,N
90,기타,280930,KODEX 미국러셀2000(H),N
91,기타,130680,TIGER 원유선물Enhanced(H),N
92,기타,179720,옐로페이,N
93,기타,510003,대신 니켈선물 ETN(H),N
94,기타,219390,KBSTAR 미국S&P원유생산기업(합성 H),N
95,기타,530020,삼성 미국 대형 가치주 ETN,N
96,기타,500017,신한 은 선물 ETN(H),N
97,기타,530006,삼성 음식료 테마주 ETN,N
98,기타,510001,대신 WTI원유 선물 ETN(H),N
99,기타,144600,KODEX 은선물(H),N
100,기타,243890,TIGER 200에너지화학레버리지,N
101,기타,530023,삼성 레버리지 China A50 선물 ETN(H),N
102,기타,570043,TRUE 레버리지 나스닥 100 ETN,N
103,기타,334690,KBSTAR 팔라듐선물(H),N
104,기타,105010,TIGER 라틴35,N
105,기타,570022,TRUE 레버리지 S&P500 선물 ETN(H),N
106,기타,225060,TIGER 이머징마켓MSCI레버리지(합성 H),N
107,기타,276650,KBSTAR 글로벌4차산업IT(합성 H),N
108,기타,213630,ARIRANG 미국다우존스고배당주(합성 H),N
109,기타,500050,신한 레버리지 S&P500 선물 ETN,N
110,기타,216280,원텍,N
111,기타,530016,삼성 미국 대형 가치주 ETN(H),N
112,기타,256440,KINDEX 인도네시아MSCI(합성),N
113,기타,227540,TIGER 200 헬스케어,N
114,기타,500020,신한 레버리지 다우존스지수 선물 ETN(H),N
115,기타,225040,TIGER 미국S&P500레버리지(합성 H),N
116,기타,550012,QV 의료 TOP5 ETN,N
117,기타,550014,QV 바이오 TOP5 ETN,N
118,기타,280320,KINDEX 미국IT인터넷S&P(합성 H),N
119,기타,530055,삼성 레버리지 금 선물 ETN(H),N
120,기타,530019,삼성 미국 대형 성장주 ETN,N
121,기타,307610,TIGER KRX300레버리지,N
122,기타,520003,미래에셋 원자재 선물 ETN(H),N
123,기타,225130,KINDEX 골드선물 레버리지(합성 H),N
124,기타,550015,QV 제약 TOP5 ETN,N
125,기타,500037,신한 레버리지 금 선물 ETN,N
126,기타,590010,미래에셋 레버리지 S&P500 ETN(H),N
127,기타,281310,바이오시네틱스,N
128,기타,267500,KBSTAR 미국장기국채선물인버스2X(합성 H),N
129,기타,530015,삼성 미국 대형 성장주 ETN(H),N
130,기타,550044,QV 레버리지 S&P500 ETN,N
131,기타,189400,ARIRANG 글로벌MSCI(합성 H),N
132,기타,570031,TRUE 레버리지 HSCEI ETN(H),N
133,기타,185190,수프로,N
134,기타,304670,KODEX 미국채울트라30년선물인버스(H),N
135,기타,243880,TIGER 200IT레버리지,N
136,기타,139320,TIGER 금은선물(H),N
137,기타,076340,관악산업,N
138,기타,292130,TIGER 중소형성장,N
139,기타,300610,TIGER K게임,N
140,기타,530012,삼성 화학 테마주 ETN,N
141,기타,266170,뿌리깊은나무들,N
142,기타,169950,KODEX 중국본토 A50,N
143,기타,304940,KODEX 미국나스닥100선물(H),N
144,기타,354350,HANARO 글로벌럭셔리S&P(합성),N
145,기타,143860,TIGER 헬스케어,N
146,기타,140610,엔솔바이오사이언스,N
147,기타,266420,KODEX 헬스케어,N
148,기타,266870,파워풀엑스,N
149,기타,292500,SMART KRX300,N
150,기타,590007,미래에셋 미국 대형주 ETN(H),N
151,기타,269540,ARIRANG 미국S&P500(H),N
152,기타,143850,TIGER 미국S&P500선물(H),N
153,기타,309210,ARIRANG KRX300헬스케어,N
154,기타,550041,QV 미국 IT TOP5 ETN(H),N
155,기타,510005,대신 2X 아연선물 ETN(H),N
156,기타,253280,KBSTAR 헬스케어,N
157,기타,291890,KODEX MSCI EM선물(H),N
158,기타,244580,KODEX 바이오,N
159,기타,314700,HANARO 농업융복합산업,N
160,기타,216400,바이오코아,N
161,기타,276000,TIGER 글로벌자원생산기업(합성 H),N
162,기타,570026,TRUE 레버리지 유로스탁스50 ETN(H),N
163,기타,284990,KBSTAR 200에너지화학,N
164,기타,133690,TIGER 미국나스닥100,N
165,기타,195920,TIGER 일본TOPIX(합성 H),N
166,기타,195980,ARIRANG 신흥국MSCI(합성 H),N
167,기타,328370,ARIRANG 코스피TR,N
168,기타,352560,KODEX 다우존스미국리츠(H),N
169,기타,219480,KODEX 미국S&P500선물(H),N
170,기타,314250,KODEX 미국FANG플러스(H),N
171,기타,500009,신한 다우존스지수 선물 ETN(H),N
172,기타,287180,ARIRANG 미국나스닥기술주,N
173,기타,138530,TIGER LG그룹+펀더멘털,N
174,기타,245350,TIGER 유로스탁스배당30,N
175,기타,300290,KBSTAR 중소형모멘텀밸류,N
176,기타,337840,유엑스엔,N
177,기타,248270,TIGER S&P글로벌헬스케어(합성),N
178,기타,277540,KINDEX S&P아시아TOP50,N
179,기타,310080,KBSTAR 중국MSCI China선물(H),N
180,기타,500016,신한 금 선물 ETN(H),N
181,기타,137610,TIGER 농산물선물Enhanced(H),N
182,기타,360200,KINDEX 미국S&P500,N
183,기타,530013,삼성 KTOP30 ETN,N
184,기타,232830,시큐센,N
185,기타,138920,KODEX 콩선물(H),N
186,기타,157490,TIGER 소프트웨어,N
187,기타,360750,TIGER 미국S&P500,N
188,기타,152500,KINDEX 레버리지,N
189,기타,218420,KODEX 미국S&P에너지(합성),N
190,기타,291130,KINDEX 멕시코MSCI(합성),N
191,기타,331910,KOSEF Fn중소형,N
192,기타,132030,KODEX 골드선물(H),N
193,기타,590018,미래에셋 중국 심천 100 ETN,N
194,기타,261070,TIGER 코스닥150바이오테크,N
195,기타,304780,HANARO 200선물레버리지,N
196,기타,319640,TIGER 골드선물(H),N
197,기타,200030,KODEX 미국S&P산업재(합성),N
198,기타,285000,KBSTAR 200IT,N
199,기타,500023,신한 콩 선물 ETN(H),N
200,기타,570051,TRUE 나스닥 100 ETN,N
201,기타,275280,KODEX MSCI모멘텀,N
202,기타,123320,TIGER 레버리지,N
203,기타,305050,KINDEX 코스피,N
204,기타,580012,KB KRX300 ETN,N
205,기타,267770,TIGER 200선물레버리지,N
206,기타,117460,KODEX 에너지화학,N
207,기타,253150,ARIRANG 200선물레버리지,N
208,기타,122630,KODEX 레버리지,N
209,기타,096300,베트남개발1,N
210,기타,220130,SMART 중국본토 중소형 CSI500(합성 H),N
211,기타,300640,KBSTAR 게임테마,N
212,기타,300280,KBSTAR 중소형모멘텀로우볼,N
213,기타,305540,TIGER 2차전지테마,N
214,기타,307510,TIGER 의료기기,N
215,기타,361590,KBSTAR 코스피ex200,N
216,기타,253250,KOSEF 200선물레버리지,N
217,기타,322400,HANARO e커머스,N
218,기타,252400,KBSTAR 200선물레버리지,N
219,기타,306950,KODEX KRX300레버리지,N
220,기타,307010,KBSTAR KRX300레버리지,N
221,기타,192090,TIGER 차이나CSI300,N
222,기타,244620,KODEX 모멘텀Plus,N
223,기타,269420,KODEX S&P글로벌인프라(합성),N
224,기타,329020,오션스톤,N
225,기타,204450,KODEX China H 레버리지(H),N
226,기타,225050,TIGER 유로스탁스레버리지(합성 H),N
227,기타,305720,KODEX 2차전지산업,N
228,기타,306530,HANARO 코스닥150선물레버리지,N
229,기타,326240,KBSTAR IT플러스,N
230,기타,580011,KB FnGuide 언택트 ETN,N
231,기타,363580,KODEX 200IT TR,N
232,기타,292140,TIGER 중소형가치,N
233,기타,140700,KODEX 보험,N
234,기타,276990,KODEX 글로벌4차산업로보틱스(합성),N
235,기타,530009,삼성 증권 테마주 ETN,N
236,기타,245340,TIGER 미국다우존스30,N
237,기타,261140,TIGER 우선주,N
238,기타,275290,KODEX MSCI밸류,N
239,기타,292050,KBSTAR KRX300,N
240,기타,315480,KBSTAR 200커뮤니케이션서비스,N
241,기타,258050,테크트랜스,N
242,기타,333960,ARIRANG KS모멘텀가중TR,N
243,기타,354500,KINDEX 코스닥150,N
244,기타,238720,KINDEX 일본Nikkei225(H),N
245,기타,252730,KBSTAR 모멘텀로우볼,N
246,기타,289250,TIGER MSCI KOREA ESG유니버설,N
247,기타,182480,TIGER 미국MSCI리츠(합성 H),N
248,기타,326230,KBSTAR 내수주플러스,N
249,기타,332940,HANARO MSCI Korea TR,N
250,기타,271060,KODEX 3대농산물선물(H),N
251,기타,276970,KODEX 미국S&P고배당커버드콜(합성 H),N
252,기타,289480,TIGER 200커버드콜ATM,N
253,기타,091160,KODEX 반도체,N
254,기타,108450,KINDEX 삼성그룹섹터가중,N
255,기타,233740,KODEX 코스닥150 레버리지,N
256,기타,278240,KBSTAR 코스닥150선물레버리지,N
257,기타,278530,KODEX 200TR,N
258,기타,280920,ARIRANG 주도업종,N
259,기타,307520,TIGER 지주회사,N
260,기타,100910,KOSEF KRX100,N
261,기타,139250,TIGER 200 에너지화학,N
262,기타,364690,KODEX 혁신기술테마액티브,N
263,기타,365040,TIGER AI코리아그로스액티브,N
264,기타,143460,KINDEX 밸류대형,N
265,기타,277640,TIGER 코스피대형주,N
266,기타,292190,KODEX KRX300,N
267,기타,361580,KBSTAR 200TR,N
268,기타,156080,KODEX MSCI Korea,N
269,기타,266360,KODEX 미디어&엔터테인먼트,N
270,기타,322150,KINDEX 스마트하이베타,N
271,기타,325010,KODEX Fn성장,N
272,기타,091230,TIGER 반도체,N
273,기타,290130,KBSTAR ESG사회책임투자,N
274,기타,337120,KODEX Fn멀티팩터,N
275,기타,530005,삼성 바이오 테마주 ETN,N
276,기타,176950,KODEX 국채선물10년인버스,N
277,기타,219900,KINDEX 중국본토CSI300레버리지(합성),N
278,기타,292590,TIGER 일본엔선물인버스2X,N
279,기타,332610,ARIRANG 미국단기우량회사채,N
280,기타,069500,KODEX 200,N
281,기타,211560,TIGER 배당성장,N
282,기타,261260,KODEX 미국달러선물인버스2X,N
283,기타,293180,HANARO 200,N
284,기타,295020,KBSTAR 국채선물10년인버스,N
285,기타,315270,TIGER 200커뮤니케이션서비스,N
286,기타,098560,TIGER 방송통신,N
287,기타,139260,TIGER 200 IT,N
288,기타,226490,KODEX 코스피,N
289,기타,359210,KODEX 코스피TR,N
290,기타,228820,TIGER KTOP30,N
291,기타,275980,TIGER 글로벌4차산업혁신기술(합성 H),N
292,기타,304760,HANARO KRX300,N
293,기타,337150,KODEX 200exTOP,N
294,기타,117690,TIGER 차이나항셍25,N
295,기타,267450,KBSTAR 미국장기국채선물인버스(H),N
296,기타,102110,TIGER 200,N
297,기타,152100,ARIRANG 200,N
298,기타,269370,TIGER S&P글로벌인프라(합성),N
299,기타,148020,KBSTAR 200,N
300,기타,244660,KODEX 퀄리티Plus,N
301,기타,292150,TIGER TOP10,N
302,기타,332930,HANARO 200TR,N
303,기타,099140,KODEX China H,N
304,기타,174350,TIGER 로우볼,N
305,기타,256750,KODEX 심천ChiNext(합성),N
306,기타,570050,TRUE S&P500 선물 ETN,N
307,기타,069660,KOSEF 200,N
308,기타,137930,마이다스 200커버드콜5%OTM,N
309,기타,227550,TIGER 200 산업재,N
310,기타,152870,파워 200,N
311,기타,272230,KINDEX 스마트밸류,N
312,기타,304770,HANARO 코스닥150,N
313,기타,322130,KINDEX 스마트로우볼,N
314,기타,102780,KODEX 삼성그룹,N
315,기타,105190,KINDEX 200,N
316,기타,233160,TIGER 코스닥150 레버리지,N
317,기타,272220,KINDEX 스마트모멘텀,N
318,기타,279530,KODEX 고배당,N
319,기타,288490,나라소프트,N
320,기타,314130,지놈앤컴퍼니,N
321,기타,105780,KBSTAR 5대그룹주,N
322,기타,250730,KBSTAR 차이나HSCEI(H),N
323,기타,310970,TIGER MSCI Korea TR,N
324,기타,332500,KINDEX 200TR,N
325,기타,510008,대신 철광석 선물 ETN(H),N
326,기타,139280,TIGER 경기방어,N
327,기타,269530,ARIRANG S&P글로벌인프라,N
328,기타,294400,KOSEF 200TR,N
329,기타,322120,KINDEX 스마트퀄리티,N
330,기타,108590,TREX 200,N
331,기타,230480,KOSEF 미국달러선물인버스2X,N
332,기타,310960,TIGER 200TR,N
333,기타,234310,KBSTAR V&S셀렉트밸류,N
334,기타,570029,TRUE 코스피 양매도 3% OTM ETN,N
335,기타,195930,TIGER 유로스탁스50(합성 H),N
336,기타,205720,KINDEX 일본TOPIX인버스(합성 H),N
337,기타,252720,KBSTAR 모멘텀밸류,N
338,기타,292110,TIGER 대형가치,N
339,기타,530067,삼성 KRX 금현물 ETN,N
340,기타,550008,QV 소프트웨어 TOP5 ETN,N
341,기타,140710,KODEX 운송,N
342,기타,244670,KODEX 밸류Plus,N
343,기타,300950,KODEX 게임산업,N
344,기타,168490,한국패러랠,N
345,기타,226980,KODEX 200 중소형,N
346,기타,229200,KODEX 코스닥 150,N
347,기타,168300,KTOP 코스피50,N
348,기타,211900,KODEX 배당성장,N
349,기타,237350,KODEX 코스피100,N
350,기타,278540,KODEX MSCI Korea TR,N
351,기타,227560,TIGER 200 생활소비재,N
352,기타,295040,SMART 200TR,N
353,기타,333950,ARIRANG KS로우사이즈가중TR,N
354,기타,251590,ARIRANG 고배당저변동50,N
355,기타,301400,ARIRANG 코스닥150,N
356,기타,316670,KOSEF 코스닥150,N
357,기타,211260,KINDEX 배당성장,N
358,기타,227570,TIGER 우량가치,N
359,기타,232080,TIGER 코스닥150,N
360,기타,289260,TIGER MSCI KOREA ESG리더스,N
361,기타,183710,KBSTAR 주식혼합,N
362,기타,253290,KBSTAR 헬스케어채권혼합,N
363,기타,266390,KODEX 경기소비재,N
364,기타,270800,KBSTAR KQ고배당,N
365,기타,290080,KBSTAR 200고배당커버드콜ATM,N
366,기타,292160,TIGER KRX300,N
367,기타,104520,KOSEF 블루칩,N
368,기타,139270,TIGER 200 금융,N
369,기타,139660,KOSEF 미국달러선물인버스,N
370,기타,287320,KBSTAR 200산업재,N
371,기타,287330,KBSTAR 200생활소비재,N
372,기타,091220,TIGER 은행,N
373,기타,138910,KODEX 구리선물(H),N
374,기타,223190,KODEX 200가치저변동,N
375,기타,291630,KOSEF 코스닥150선물레버리지,N
376,기타,342600,KBSTAR KRX국채선물3년10년스티프너2X,N
377,기타,139240,TIGER 200 철강소재,N
378,기타,181480,KINDEX 미국다우존스리츠(합성 H),N
379,기타,266410,KODEX 필수소비재,N
380,기타,302450,KBSTAR 코스피,N
381,기타,500013,신한 옥수수 선물 ETN(H),N
382,기타,140570,KBSTAR 수출주,N
383,기타,248260,TIGER 일본TOPIX헬스케어(합성),N
384,기타,277650,TIGER 코스피중형주,N
385,기타,210780,TIGER 코스피고배당,N
386,기타,292120,TIGER 중소형,N
387,기타,360150,KODEX 코스닥150롱코스피200숏선물,N
388,기타,530053,삼성 코스피 풋매도 ETN,N
389,기타,530063,삼성 레버리지 구리 선물 ETN(H),N
390,기타,150460,TIGER 중국소비테마,N
391,기타,261060,TIGER 코스닥150IT,N
392,기타,251350,KODEX 선진국MSCI World,N
393,기타,277630,TIGER 코스피,N
394,기타,229720,KODEX KTOP30,N
395,기타,245710,KINDEX 베트남VN30(합성),N
396,기타,285690,FOCUS ESG리더스,N
397,기타,319870,KBSTAR KRX300미국달러선물혼합,N
398,기타,333980,ARIRANG KS퀄리티가중TR,N
399,기타,342500,KBSTAR KRX국채선물3년10년스티프너,N
400,기타,138520,TIGER 삼성그룹펀더멘털,N
401,기타,282000,KBSTAR 국고채3년선물인버스,N
402,기타,195970,ARIRANG 선진국MSCI(합성 H),N
403,기타,204480,TIGER 차이나CSI300레버리지(합성),N
404,기타,122090,ARIRANG 코스피50,N
405,기타,279540,KODEX 최소변동성,N
406,기타,337140,KODEX 코스피대형주,N
407,기타,104530,KOSEF 고배당,N
408,기타,192720,파워 고배당저변동성,N
409,기타,152280,KOSEF 200 선물,N
410,기타,287300,KBSTAR 200건설,N
411,기타,291610,KOSEF 코스닥150선물,N
412,기타,237370,KODEX 배당성장채권혼합,N
413,기타,237440,TIGER 경기방어채권혼합,N
414,기타,241390,KBSTAR V&S셀렉트밸류채권혼합,N
415,기타,261120,TIGER 미국달러선물인버스2X,N
416,기타,292100,TIGER 대형성장,N
417,기타,329650,KODEX TRF3070,N
418,기타,520015,미래에셋 인버스 미디어엔터 Core5 ETN,N
419,기타,570019,TRUE 코스피 양매도 5% OTM ETN,N
420,기타,336160,KBSTAR 금융채액티브,N
421,기타,139290,TIGER 200 경기소비재,N
422,기타,196030,KINDEX 일본TOPIX레버리지(H),N
423,기타,298770,KODEX 한국대만IT프리미어,N
424,기타,342610,KBSTAR KRX국채선물3년10년플래트너,N
425,기타,227830,ARIRANG 코스피,N
426,기타,130730,KOSEF 단기자금,N
427,기타,214980,KODEX 단기채권PLUS,N
428,기타,044990,에이치엔에스하이텍,N
429,기타,058970,엠로,N
430,기타,064850,에프앤가이드,N
431,기타,066830,제노텍,N
432,기타,067370,선바이오,N
433,기타,084440,유비온,N
434,기타,091170,KODEX 은행,N
435,기타,093510,엔지브이아이,N
436,기타,103660,씨앗,N
437,기타,107640,한중엔시에스,N
438,기타,114920,대주이엔티,N
439,기타,116100,태양기계,N
440,기타,117700,KODEX 건설,N
441,기타,120780,전우정밀,N
442,기타,122260,KOSEF 통안채1년,N
443,기타,139230,TIGER 200 중공업,N
444,기타,139310,TIGER 금속선물(H),N
445,기타,140580,KBSTAR 우량업종,N
446,기타,140660,위월드,N
447,기타,145850,TREX 펀더멘탈 200,N
448,기타,147970,TIGER 모멘텀,N
449,기타,149010,아이케이세미콘,N
450,기타,152550,한국ANKOR유전,N
451,기타,153130,KODEX 단기채권,N
452,기타,157450,TIGER 단기통안채,N
453,기타,162120,루켄테크놀러지스,N
454,기타,166400,TIGER 200커버드콜5%OTM,N
455,기타,170350,TIGER 베타플러스,N
456,기타,179530,애드바이오텍,N
457,기타,180060,탑선,N
458,기타,189330,씨이랩,N
459,기타,190620,KINDEX 단기통안채,N
460,기타,191600,티케이씨,N
461,기타,196230,KBSTAR 단기통안채,N
462,기타,199290,바이오프로테크,N
463,기타,207490,에이펙스인텍,N
464,기타,208470,SMART 선진국MSCI World(합성 H),N
465,기타,208890,에듀파트너,N
466,기타,210120,빅텐츠,N
467,기타,214610,미코바이오메드,N
468,기타,215620,흥국 S&P코리아로우볼,N
469,기타,217320,썬테크,N
470,기타,217790,TIGER 가격조정,N
471,기타,221800,유투바이오,N
472,기타,222160,바이옵트로,N
473,기타,224020,에스케이씨에스,N
474,기타,224760,엔에스컴퍼니,N
475,기타,224810,엄지하우스,N
476,기타,224880,SGA클라우드서비스,N
477,기타,225850,미애부,N
478,기타,225860,엠앤씨생명과학,N
479,기타,233250,메디안디노스틱,N
480,기타,234070,에이원알폼,N
481,기타,236030,씨알푸드,N
482,기타,238170,엔에스엠,N
483,기타,238500,로보쓰리,N
484,기타,241510,이에스산업,N
485,기타,242350,피엔아이컴퍼니,N
486,기타,243870,굿센,N
487,기타,244880,나눔테크,N
488,기타,245450,씨앤에스링크,N
489,기타,251890,KINDEX 코스닥(합성),N
490,기타,251960,엠에프엠코리아,N
491,기타,252000,TIGER 200동일가중,N
492,기타,252650,KODEX 200동일가중,N
493,기타,256450,ARIRANG 심천차이넥스트(합성),N
494,기타,258250,셀젠텍,N
495,기타,260200,KOSEF 배당바이백Plus,N
496,기타,260270,KOSEF 저PBR가중,N
497,기타,260970,에스앤디,N
498,기타,266160,KBSTAR 고배당,N
499,기타,266370,KODEX IT,N
500,기타,266550,ARIRANG 중형주저변동50,N
501,기타,267810,앙츠,N
502,기타,270020,이십일스토어,N
503,기타,270210,에스알바이오텍,N
504,기타,271780,비엔에프코퍼레이션,N
505,기타,272560,KBSTAR 단기국공채액티브,N
506,기타,273140,KODEX 단기변동금리부채권액티브,N
507,기타,275300,KODEX MSCI퀄리티,N
508,기타,278380,원바이오젠,N
509,기타,278620,ARIRANG 단기채권액티브,N
510,기타,278990,파인이엠텍,N
511,기타,284610,TS트릴리온,N
512,기타,285770,라이프사이언스테크놀로지,N
513,기타,289040,KODEX MSCI KOREA ESG유니버설,N
514,기타,292340,마이티 200커버드콜ATM레버리지,N
515,기타,292730,FOCUS KRX300,N
516,기타,292770,KODEX 국채선물3년인버스,N
517,기타,299070,KINDEX 국채선물10년인버스,N
518,기타,299080,KINDEX 국채선물3년인버스,N
519,기타,299480,지앤이헬스케어,N
520,기타,299670,에스엠비나,N
521,기타,302170,TIGER 국채선물3년인버스,N
522,기타,302180,TIGER 국채선물10년인버스,N
523,기타,302200,TIGER 중장기국채선물인버스,N
524,기타,302210,TIGER 중장기국채선물인버스2X,N
525,기타,302920,더콘텐츠온,N
526,기타,306540,HANARO 단기통안채,N
527,기타,308700,테크엔,N
528,기타,309230,KINDEX 미국WideMoat가치주,N
529,기타,309900,티티씨디펜스,N
530,기타,311060,엘에이티,N
531,기타,315930,KODEX Top5PlusTR,N
532,기타,316300,KINDEX 싱가포르리츠,N
533,기타,317860,노드메이슨,N
534,기타,327970,케어룸의료산업,N
535,기타,329050,구스앤홈,N
536,기타,329200,TIGER 부동산인프라고배당,N
537,기타,329660,KODEX TRF5050,N
538,기타,329670,KODEX TRF7030,N
539,기타,331660,한국미라클피플사,N
540,기타,333940,ARIRANG KS로우볼가중TR,N
541,기타,336040,이도바이오,N
542,기타,337160,KODEX 200ESG,N
543,기타,341310,이앤에치,N
544,기타,341850,TIGER KIS부동산인프라채권TR,N
545,기타,344860,이노진,N
546,기타,348840,데이드림엔터,N
547,기타,352540,KODEX TSE일본리츠(H),N
548,기타,354240,KBSTAR 미국고정배당우선증권ICE TR,N
549,기타,357870,TIGER CD금리투자KIS(합성),N
550,기타,360140,KODEX 200롱코스닥150숏선물,N
551,기타,363510,SMART KIS단기통안채,N
552,기타,500001,신한 K200 USD 선물 바이셀 ETN,N
553,기타,500008,신한 인버스 구리 선물 ETN(H),N
554,기타,500012,신한 인버스 달러인덱스 선물 ETN(H),N
555,기타,500014,신한 인버스 옥수수 선물 ETN(H),N
556,기타,500018,신한 구리 선물 ETN(H),N
557,기타,500024,신한 인버스 콩 선물 ETN(H),N
558,기타,500039,신한 코스피 콘도르 4/10% ETN,N
559,기타,500042,신한 코스피 콘도르 6/10% ETN,N
560,기타,500043,신한 코스피 콘도르 4/10% 콜 2204-01 ETN,N
561,기타,500044,신한 코스피 콘도르 6/10% 콜 2204-01 ETN,N
562,기타,500046,신한 코스피 월별 양매도 3% OTM ETN,N
563,기타,500047,신한 코스피 월별 양매도 5% OTM ETN,N
564,기타,500048,신한 코스피 월별 양매도 3% 콜 2206-1 ETN,N
565,기타,500049,신한 코스피 월별 양매도 5% 콜 2206-1 ETN,N
566,기타,510002,대신 아연선물 ETN(H),N
567,기타,510004,대신 인버스 아연선물 ETN(H),N
568,기타,510006,대신 인버스 니켈선물 ETN(H),N
569,기타,510011,대신 골드 커버드콜 타겟 5%인컴 ETN(H),N
570,기타,520004,미래에셋 전기전자 Core5 ETN,N
571,기타,520006,미래에셋 에너지화학 Core5 ETN,N
572,기타,520012,미래에셋 호주 ASX200 ETN(H),N
573,기타,520013,미래에셋 Q150 Core5 ETN,N
574,기타,520014,미래에셋 미디어엔터 Core5 ETN,N
575,기타,520020,미래에셋 미국 시니어론 100 ETN(H),N
576,기타,520021,미래에셋 미국 시니어론 100 ETN,N
577,기타,520026,미래에셋 코스피 양매도 5% OTM ETN,N
578,기타,530003,삼성 모멘텀 탑픽 ETN,N
579,기타,530007,삼성 레저 테마주 ETN,N
580,기타,530010,삼성 건축자재 테마주 ETN,N
581,기타,530014,삼성 China A50 선물 ETN(H),N
582,기타,530017,삼성 미국 중소형 성장주 ETN(H),N
583,기타,530018,삼성 미국 중소형 가치주 ETN(H),N
584,기타,530021,삼성 미국 중소형 성장주 ETN,N
585,기타,530022,삼성 미국 중소형 가치주 ETN,N
586,기타,530060,삼성 코스피 양매도 5% OTM ETN,N
587,기타,530066,삼성 코스피 풋매도 4% OTM ETN,N
588,기타,550001,QV Big Vol ETN,N
589,기타,550002,QV WISE 배당 ETN,N
590,기타,550004,QV 롱숏 K150 매수 로우볼 매도 ETN,N
591,기타,550005,QV 에너지 TOP5 ETN,N
592,기타,550006,QV 내수소비 TOP5 ETN,N
593,기타,550009,QV 하드웨어 TOP5 ETN,N
594,기타,550010,QV 운송 TOP5 ETN,N
595,기타,550013,QV 화학 TOP5 ETN,N
596,기타,550016,QV 건설 TOP5 ETN,N
597,기타,550018,QV CHINEXT ETN(H),N
598,기타,550026,QV KTOP30 ETN,N
599,기타,550033,QV 스마트리밸런싱 260/4 ETN,N
600,기타,550047,QV 인버스 레버리지 10년 국채선물 ETN,N
601,기타,550052,QV MSCI 선진국 ETN,N
602,기타,550054,QV 레버리지 MSCI 선진국 ETN,N
603,기타,550056,QV 코스피 양매도 5% OTM ETN,N
604,기타,550057,QV 코스피 변동성 매칭형 양매도 ETN,N
605,기타,570003,TRUE 빅5 동일가중 ETN,N
606,기타,570008,TRUE 섹터탑픽 ETN,N
607,기타,570009,TRUE 코리아프리미어 ETN,N
608,기타,570020,TRUE 코스피 커버드콜 ETN B,N
609,기타,570021,TRUE 코스피 커버드풋 ETN B,N
610,기타,570024,TRUE 코스피 타겟볼20 ETN,N
611,기타,570030,TRUE 코스피 양매도 ATM ETN,N
612,기타,570036,TRUE 인버스 엔선물 ETN B,N
613,기타,570037,TRUE 유로선물 ETN B,N
614,기타,570047,TRUE FTSE100 ETN,N
615,기타,570048,TRUE 유로스탁스50 양매도 5% OTM ETN(H),N
616,기타,570049,TRUE S&P500 양매도 4% OTM ETN(H),N
617,기타,580006,KB KTOP30 ETN,N
618,기타,580007,KB KQ 우량주30 ETN,N
619,기타,580008,KB 코스피 양매도 5% OTM ETN,N
620,기타,580009,KB 코스피 마운틴 ETN,N
621,기타,580010,KB Wise 분할매매 ETN,N
622,기타,590003,미래에셋 유럽 대형주 ETN(H),N
623,기타,590004,미래에셋 유럽 중형주 ETN(H),N
624,기타,590005,미래에셋 일본 대형주 ETN(H),N
625,기타,590006,미래에셋 일본 중형주 ETN(H),N
626,기타,590008,미래에셋 미국 중형주 ETN(H),N
627,기타,590016,미래에셋 미국 헬스케어 ETN(H),N
628,기타,590017,미래에셋 미국 고배당주 ETN(H),N
629,기타,700001,하나 코스피 변동성추세 추종 양매도 ETN,N
630,기타,239660,ARIRANG 우량회사채50 1년,N
631,기타,272580,TIGER 단기채권액티브,N
632,기타,114820,TIGER 국채3년,N
633,기타,136340,KBSTAR 중기우량회사채,N
634,기타,241180,TIGER 일본니케이225,N
635,기타,176710,파워 중기국고채,N
636,기타,342620,KBSTAR KRX국채선물3년10년플래트너2X,N
637,기타,251600,ARIRANG 고배당주채권혼합,N
638,기타,261270,KODEX 미국달러선물인버스,N
639,기타,292580,TIGER 일본엔선물인버스,N
640,기타,325020,KODEX 배당가치,N
641,기타,114260,KODEX 국고채3년,N
642,기타,296710,KODEX FnKorea50,N
643,기타,322410,HANARO 고배당,N
644,기타,500036,신한 인버스 2X 미국달러 선물 ETN,N
645,기타,114100,KBSTAR 국고채3년,N
646,기타,114460,KINDEX 국고채3년,N
647,기타,530008,삼성 미디어 테마주 ETN,N
648,기타,226380,KINDEX Fn성장소비주도주,N
649,기타,245360,TIGER 차이나HSCEI,N
650,기타,270810,KBSTAR 코스닥150,N
651,기타,298340,ARIRANG 국채선물3년,N
652,기타,275750,KBSTAR 코스닥150선물인버스,N
653,기타,114470,KOSEF 국고채3년,N
654,기타,251340,KODEX 코스닥150선물인버스,N
655,기타,590013,미래에셋 미국 리츠 ETN(H),N
656,기타,206950,볼빅,N
657,기타,287310,KBSTAR 200경기소비재,N
658,기타,140950,파워 코스피100,N
659,기타,232680,라온테크,N
660,기타,272570,KBSTAR 중장기국공채액티브,N
661,기타,295820,ARIRANG 200동일가중,N
662,기타,550007,QV 조선 TOP5 ETN,N
663,기타,228800,TIGER 여행레저,N
664,기타,278420,ARIRANG ESG우수기업,N
665,기타,183700,KBSTAR 채권혼합,N
666,기타,285010,KBSTAR 200중공업,N
667,기타,208850,이비테크,N
668,기타,590009,미래에셋 미국 항공우주 ETN(H),N
669,기타,343090,단디바이오,N
670,기타,292750,ARIRANG KRX300,N
671,기타,333970,ARIRANG KS밸류가중TR,N
672,기타,273130,KODEX 종합채권(AA-이상)액티브,N
673,기타,285020,KBSTAR 200철강소재,N
674,기타,272910,KINDEX 중장기국공채액티브,N
675,기타,356540,KINDEX KIS종합채권(AA-이상)액티브,N
676,기타,302190,TIGER 중장기국채,N
677,기타,590012,미래에셋 글로벌 리츠 ETN(H),N
678,기타,153270,KOSEF 코스피100,N
679,기타,301440,ARIRANG 코스피중형주,N
680,기타,309170,ARIRANG KRX300IT,N
681,기타,570038,TRUE 인버스 유로선물 ETN B,N
682,기타,284980,KBSTAR 200금융,N
683,기타,168580,KINDEX 중국본토CSI300,N
684,기타,138230,KOSEF 미국달러선물,N
685,기타,283580,KODEX 중국본토CSI300,N
686,기타,329750,TIGER 미국달러단기채권액티브,N
687,기타,530011,삼성 온라인쇼핑 테마주 ETN,N
688,기타,157500,TIGER 증권,N
689,기타,114800,KODEX 인버스,N
690,기타,306520,HANARO 200선물인버스,N
691,기타,238670,ARIRANG 스마트베타Quality채권혼합,N
692,기타,261240,KODEX 미국달러선물,N
693,기타,152380,KODEX 국채선물10년,N
694,기타,289670,ARIRANG 국채선물10년,N
695,기타,292560,TIGER 일본엔선물,N
696,기타,284430,KODEX 200미국채혼합,N
697,기타,117680,KODEX 철강,N
698,기타,200350,래몽래인,N
699,기타,295000,KBSTAR 국채선물10년,N
700,기타,279060,이노벡스,N
701,기타,292570,TIGER 일본엔선물레버리지,N
702,기타,301410,ARIRANG 코스닥150선물인버스,N
703,기타,148070,KOSEF 국고채10년,N
704,기타,222670,플럼라인생명과학,N
705,기타,260870,시그넷이브이,N
706,기타,161510,ARIRANG 고배당주,N
707,기타,250780,TIGER 코스닥150선물인버스,N
708,기타,281990,KBSTAR 중소형고배당,N
709,기타,315960,KBSTAR 대형고배당10TR,N
710,기타,550046,QV 레버리지 10년 국채선물 ETN,N
711,기타,183410,골프존데카,N
712,기타,261110,TIGER 미국달러선물레버리지,N
713,기타,131890,KINDEX 삼성그룹동일가중,N
714,기타,213610,KODEX 삼성그룹밸류,N
715,기타,101280,KODEX 일본TOPIX100,N
716,기타,228790,TIGER 화장품,N
717,기타,261250,KODEX 미국달러선물레버리지,N
718,기타,363570,KODEX 장기종합채권(AA-이상)액티브KAP,N
719,기타,500040,신한 레버리지 구리 선물 ETN,N
720,기타,200250,KOSEF 인도Nifty50(합성),N
721,기타,102960,KODEX 기계장비,N
722,기타,252670,KODEX 200선물인버스2X,N
723,기타,253160,ARIRANG 200선물인버스2X,N
724,기타,550011,QV 자동차 TOP5 ETN,N
725,기타,307020,KBSTAR KRX300선물인버스,N
726,기타,138540,TIGER 현대차그룹+펀더멘털,N
727,기타,139220,TIGER 200 건설,N
728,기타,182490,TIGER 단기선진하이일드(합성 H),N
729,기타,500011,신한 달러인덱스 선물 ETN(H),N
730,기타,225800,KOSEF 미국달러선물레버리지,N
731,기타,261920,KINDEX 필리핀MSCI(합성),N
732,기타,291620,KOSEF 코스닥150선물인버스,N
733,기타,308620,KODEX 미국채10년선물,N
734,기타,091180,KODEX 자동차,N
735,기타,102970,KODEX 증권,N
736,기타,570025,TRUE 인버스 유로스탁스50 ETN(H) B,N
737,기타,217950,파마리서치바이오,N
738,기타,252410,KBSTAR 200선물인버스,N
739,기타,291660,KODEX China H선물인버스(H),N
740,기타,570034,TRUE 엔선물 ETN B,N
741,기타,123310,TIGER 인버스,N
742,기타,228810,TIGER 미디어컨텐츠,N
743,기타,167860,KOSEF 국고채10년레버리지,N
744,기타,530064,삼성 인버스 2X 구리 선물 ETN(H),N
745,기타,094800,맵스리얼티1,N
746,기타,145670,KINDEX 인버스,N
747,기타,252420,KBSTAR 200선물인버스2X,N
748,기타,346000,HANARO KAP초장기국고채,N
749,기타,520007,미래에셋 인버스 에너지화학 Core5 ETN,N
750,기타,500035,신한 레버리지 미국달러 선물 ETN,N
751,기타,500041,신한 인버스 2X 구리 선물 ETN,N
752,기타,265690,KINDEX 러시아MSCI(합성),N
753,기타,321410,KODEX 멀티에셋하이인컴(H),N
754,기타,215570,크로넥스,N
755,기타,305080,TIGER 미국채10년선물,N
756,기타,332620,ARIRANG 미국장기우량회사채,N
757,기타,510009,대신 인버스 철광석 선물 ETN(H),N
758,기타,236350,TIGER 인도니프티50레버리지(합성),N
759,기타,150440,피노텍,N
760,기타,252710,TIGER 200선물인버스2X,N
761,기타,570032,TRUE 인버스 2X HSCEI ETN(H),N
762,기타,520005,미래에셋 인버스 전기전자 Core5 ETN,N
763,기타,174360,KBSTAR 중국본토대형주CSI100,N
764,기타,253230,KOSEF 200선물인버스2X,N
765,기타,500052,신한 FnGuide 5G 테마주 ETN,N
766,기타,136660,큐엠씨,N
767,기타,267440,KBSTAR 미국장기국채선물(H),N
768,기타,570028,TRUE 인버스 HSCEI ETN(H) B,N
769,기타,500006,신한 인버스 금 선물 ETN(H),N
770,기타,570035,TRUE 레버리지 엔선물 ETN B,N
771,기타,530002,삼성 인버스 China A50 선물 ETN(H),N
772,기타,253240,KOSEF 200선물인버스,N
773,기타,291680,KBSTAR 차이나H선물인버스(H),N
774,기타,217880,틸론,N
775,기타,590011,미래에셋 인버스 S&P500 ETN(H),N
776,기타,500010,신한 인버스 다우존스지수 선물 ETN(H),N
777,기타,225030,TIGER 미국S&P500선물인버스(H),N
778,기타,266470,바이오인프라생명과학,N
779,기타,280940,KODEX 골드선물인버스(H),N
780,기타,267490,KBSTAR 미국장기국채선물레버리지(합성 H),N
781,기타,121060,유니포인트,N
782,기타,550053,QV 인버스 MSCI 선진국 ETN,N
783,기타,570027,TRUE 인버스 2X 유로스탁스50 ETN(H),N
784,기타,570042,TRUE 인버스 나스닥 100 ETN,N
785,기타,500045,신한 S&P500 VIX S/T 선물 ETN B,N
786,기타,500002,신한 USD K200 선물 바이셀 ETN,N
787,기타,217780,TIGER 차이나CSI300인버스(합성),N
788,기타,530065,삼성 S&P500 VIX S/T 선물 ETN(H) B,N
789,기타,304660,KODEX 미국채울트라30년선물(H),N
790,기타,160580,TIGER 구리실물,N
791,기타,342140,KINDEX 모닝스타싱가포르리츠채권혼합,N
792,기타,251280,안지오랩,N
793,기타,530056,삼성 인버스 2X 금 선물 ETN(H),N
794,기타,233990,질경이,N
795,기타,550058,QV S&P500 VIX S/T 선물 ETN B,N
796,기타,500028,신한 인버스 2X 다우존스지수 선물 ETN(H),N
797,기타,112190,KC산업,N
798,기타,229500,노브메타파마,N
799,기타,530004,삼성 화장품 테마주 ETN,N
800,기타,199150,데이터스트림즈,N
801,기타,334700,KBSTAR 팔라듐선물인버스(H),N
802,기타,570023,TRUE 인버스 2X S&P500 선물 ETN(H),N
803,기타,500038,신한 인버스 2X 금 선물 ETN,N
804,기타,227420,도부마스크,N
805,기타,500007,신한 인버스 은 선물 ETN(H),N
806,기타,500051,신한 인버스 2X S&P500 선물 ETN,N
807,기타,550055,QV 인버스 레버리지 MSCI 선진국 ETN,N
808,기타,570044,TRUE 인버스 2X 나스닥 100 ETN,N
809,기타,178600,대동고려삼,N
810,기타,135160,지오씨,N
811,기타,354230,폭스소프트,N
812,기타,246250,에스엘에스바이오,N
813,기타,239890,피엔에이치테크,N
814,기타,284420,휴럼,N
815,기타,270660,에브리봇,N
816,기타,500003,신한 인버스 WTI원유 선물 ETN(H),N
817,기타,500005,신한 인버스 브렌트원유 선물 ETN(H),N
818,기타,217770,TIGER 원유선물인버스(H),N
819,기타,271050,KODEX WTI원유선물인버스(H),N
820,기타,086460,에스엔피제네틱스,N
821,기타,550045,QV 인버스 레버리지 S&P500 ETN,N
822,기타,520011,미래에셋 인버스 원유선물혼합 ETN(H),N
823,기타,500022,신한 인버스 천연가스 선물 ETN(H),N
824,기타,500030,신한 인버스 2X 은 선물 ETN(H),N
825,기타,211050,인카금융서비스,N
826,기타,530062,삼성 인버스 2X 은 선물 ETN(H),N
827,기타,240340,인터코스,N
828,기타,258540,스템랩,N
829,기타,510010,대신 인버스 2X 니켈선물 ETN(H),N
830,기타,163430,디피코,N
831,기타,199800,툴젠,N
832,기타,500027,신한 인버스 2X WTI원유 선물 ETN(H),N
833,기타,530036,삼성 인버스 2X WTI원유 선물 ETN,N
834,기타,550043,QV 인버스 레버리지 WTI원유 선물 ETN(H),N
835,기타,500032,신한 인버스 2X 천연가스 선물 ETN(H),N
836,기타,500054,신한 인버스 2X 천연가스 선물 ETN,N
837,기타,570046,TRUE 인버스 2X 천연가스 선물 ETN(H),N
838,기타,530038,삼성 인버스 2X 천연가스 선물 ETN,N
839,기타,530069,삼성 인버스 2X 천연가스 선물 ETN B,N
840,기타,189350,코셋,N
841,기타,217910,에스제이켐,N
842,기타,140290,청광건설,N
843,소프트웨어,131370,알서포트,Y
844,소프트웨어,079970,투비소프트,Y
845,소프트웨어,139670,키네마스터,Y
846,소프트웨어,053980,오상자이엘,Y
847,소프트웨어,012510,더존비즈온,N
848,소프트웨어,060850,영림원소프트랩,Y
849,소프트웨어,203650,드림시큐리티,Y
850,소프트웨어,054920,한컴위드,Y
851,소프트웨어,085810,알티캐스트,Y
852,소프트웨어,150900,파수,Y
853,소프트웨어,192250,케이사인,Y
854,소프트웨어,258790,소프트캠프,Y
855,소프트웨어,184230,SGA솔루션즈,Y
856,소프트웨어,208860,엔지스테크널러지,Y
857,소프트웨어,053800,안랩,Y
858,소프트웨어,293490,카카오게임즈,Y
859,소프트웨어,053580,웹케시,Y
860,소프트웨어,042510,라온시큐어,Y
861,소프트웨어,136540,윈스,Y
862,소프트웨어,067920,이글루시큐리티,Y
863,소프트웨어,153460,네이블,Y
864,소프트웨어,086960,한컴MDS,Y
865,소프트웨어,205100,엑셈,Y
866,소프트웨어,263860,지니언스,Y
867,소프트웨어,053350,이니텍,Y
868,소프트웨어,220180,핸디소프트,Y
869,소프트웨어,195440,퓨전,Y
870,소프트웨어,219420,링크제니시스,Y
871,소프트웨어,078000,텔코웨어,N
872,소프트웨어,208350,지란지교시큐리티,Y
873,소프트웨어,275630,에스에스알,Y
874,소프트웨어,138580,비즈니스온,Y
875,소프트웨어,016670,포비스티앤씨,Y
876,소프트웨어,047560,이스트소프트,Y
877,소프트웨어,131090,시큐브,Y
878,소프트웨어,040160,누리텔레콤,Y
879,소프트웨어,094860,코닉글로리,Y
880,소프트웨어,049470,SGA,Y
881,소프트웨어,030520,한글과컴퓨터,Y
882,소프트웨어,189690,포시에스,Y
883,소프트웨어,197140,디지캡,Y
884,소프트웨어,065710,서호전기,Y
885,소프트웨어,290270,휴네시온,Y
886,소프트웨어,158430,아톤,Y
887,소프트웨어,100030,모바일리더,Y
888,소프트웨어,279600,미디어젠,Y
889,소프트웨어,222810,마이더스AI,Y
890,소프트웨어,075130,플랜티넷,Y
891,소프트웨어,041020,인프라웨어,Y
892,제약,004720,우리들제약,N
893,제약,005257,녹십자홀딩스2우,N
894,제약,002620,제일파마홀딩스,N
895,제약,007570,일양약품,N
896,제약,222040,코스맥스엔비티,Y
897,제약,004310,현대약품,N
898,제약,128940,한미약품,N
899,제약,019170,신풍제약,N
900,제약,234690,녹십자웰빙,Y
901,제약,006280,녹십자,N
902,제약,008930,한미사이언스,N
903,제약,102940,코오롱생명과학,Y
904,제약,067290,JW신약,Y
905,제약,207940,삼성바이오로직스,N
906,제약,002800,신신제약,Y
907,제약,183490,엔지켐생명과학,Y
908,제약,014570,고려제약,Y
909,제약,086890,이수앱지스,Y
910,제약,109960,에이프로젠 H&G,Y
911,제약,018620,우진비앤지,Y
912,제약,000520,삼일제약,N
913,제약,065170,넥스트BT,Y
914,제약,007370,진양제약,Y
915,제약,006620,동구바이오제약,Y
916,제약,007575,일양약품우,N
917,제약,002390,한독,N
918,제약,012790,신일제약,Y
919,제약,011040,경동제약,Y
920,제약,053030,바이넥스,Y
921,제약,003000,부광약품,N
922,제약,321550,티움바이오,Y
923,제약,018680,서울제약,Y
924,제약,096760,JW홀딩스,N
925,제약,002720,국제약품,N
926,제약,214390,경보제약,N
927,제약,900120,씨케이에이치,Y
928,제약,000250,삼천당제약,Y
929,제약,318010,팜스빌,Y
930,제약,293780,압타바이오,Y
931,제약,003060,에이프로젠제약,N
932,제약,019175,신풍제약우,N
933,제약,131030,디에이치피코리아,Y
934,제약,060590,씨티씨바이오,Y
935,제약,003220,대원제약,N
936,제약,271980,제일약품,N
937,제약,078140,대봉엘에스,Y
938,제약,074430,아미노로직스,Y
939,제약,044820,코스맥스비티아이,N
940,제약,005250,녹십자홀딩스,N
941,제약,003850,보령제약,N
942,제약,238200,비피도,Y
943,제약,061250,화일약품,Y
944,제약,005500,삼진제약,N
945,제약,153710,옵티팜,Y
946,제약,204840,지엘팜텍,Y
947,제약,003090,대웅,N
948,제약,041960,코미팜,Y
949,제약,200130,콜마비앤에이치,Y
950,제약,067630,에이치엘비생명과학,Y
951,제약,091990,셀트리온헬스케어,Y
952,제약,298060,에스씨엠생명과학,Y
953,제약,009300,삼아제약,Y
954,제약,052670,제일바이오,Y
955,제약,067080,대화제약,Y
956,제약,036480,대성미생물,Y
957,제약,068270,셀트리온,N
958,제약,114450,KPX생명과학,Y
959,제약,058820,CMG제약,Y
960,제약,001360,삼성제약,N
961,제약,003520,영진약품,N
962,제약,200780,비씨월드제약,Y
963,제약,330350,위더스제약,Y
964,제약,001060,JW중외제약,N
965,제약,002210,동성제약,N
966,제약,041910,에스텍파마,Y
967,제약,200670,휴메딕스,Y
968,제약,323990,박셀바이오,Y
969,제약,106190,하이텍팜,Y
970,제약,260660,알리코제약,Y
971,제약,326030,SK바이오팜,N
972,제약,086060,진바이오텍,Y
973,제약,102460,이연제약,N
974,제약,293480,하나제약,N
975,제약,065660,안트로젠,Y
976,제약,214450,파마리서치프로덕트,Y
977,제약,044960,이글벳,Y
978,제약,000230,일동홀딩스,N
979,제약,284620,카이노스메드,Y
980,제약,000100,유한양행,N
981,제약,001540,안국약품,Y
982,제약,016580,환인제약,N
983,제약,054670,대한뉴팜,Y
984,제약,115450,지트리비앤티,Y
985,제약,168330,내츄럴엔도텍,Y
986,제약,185750,종근당,N
987,제약,220100,퓨쳐켐,Y
988,제약,243070,휴온스,Y
989,제약,288330,브릿지바이오테라퓨틱스,Y
990,제약,017180,명문제약,N
991,제약,068760,셀트리온제약,Y
992,제약,009290,광동제약,N
993,제약,223250,드림씨아이에스,Y
994,제약,234080,JW생명과학,N
995,제약,072020,중앙백신,Y
996,제약,000220,유유제약,N
997,제약,023910,대한약품,Y
998,제약,239610,에이치엘사이언스,Y
999,제약,034940,조아제약,Y
1000,제약,066700,테라젠이텍스,Y
1001,제약,000105,유한양행우,N
1002,제약,001630,종근당홀딩스,N
1003,제약,069620,대웅제약,N
1004,제약,140410,메지온,Y
1005,제약,080720,한국유니온제약,Y
1006,제약,084110,휴온스글로벌,Y
1007,제약,000225,유유제약1우,N
1008,제약,032980,바이온,Y
1009,제약,009420,한올바이오파마,N
1010,제약,194700,노바렉스,Y
1011,제약,170900,동아에스티,N
1012,제약,063160,종근당바이오,N
1013,제약,053950,경남제약,Y
1014,제약,032300,한국파마,Y
1015,제약,249420,일동제약,N
1016,제약,047920,메디포럼제약,Y
1017,제약,003120,일성신약,N
1018,제약,033270,유나이티드제약,N
1019,제약,270870,뉴트리,Y
1020,제약,237690,에스티팜,Y
1021,제약,000020,동화약품,N
1022,제약,000227,유유제약2우B,N
1023,제약,086450,동국제약,Y
1024,제약,235980,메드팩토,Y
1025,제약,000640,동아쏘시오홀딩스,N
1026,제약,043090,큐브앤컴퍼니,Y
1027,제약,001065,JW중외제약우,N
1028,제약,001067,JW중외제약2우B,N
1029,자동차부품,093380,풍강,Y
1030,자동차부품,053060,세동,Y
1031,자동차부품,023800,인지컨트롤스,N
1032,자동차부품,013870,지엠비코리아,N
1033,자동차부품,234100,세원,Y
1034,자동차부품,214330,금호에이치티,N
1035,자동차부품,009680,모토닉,N
1036,자동차부품,005850,에스엘,N
1037,자동차부품,047400,유니온머티리얼,N
1038,자동차부품,041930,동아화성,Y
1039,자동차부품,005030,부산주공,N
1040,자동차부품,010770,평화홀딩스,N
1041,자동차부품,154040,솔루에타,Y
1042,자동차부품,130740,티피씨글로벌,Y
1043,자동차부품,128540,에코캡,Y
1044,자동차부품,012280,영화금속,N
1045,자동차부품,031510,오스템,Y
1046,자동차부품,023000,삼원강재,N
1047,자동차부품,130500,GH신소재,Y
1048,자동차부품,145210,세화아이엠씨,N
1049,자동차부품,067570,엔브이에이치코리아,Y
1050,자동차부품,009320,대우부품,N
1051,자동차부품,000240,한국테크놀로지그룹,N
1052,자동차부품,080470,성창오토텍,Y
1053,자동차부품,038880,아이에이,Y
1054,자동차부품,024910,경창산업,Y
1055,자동차부품,170030,현대공업,Y
1056,자동차부품,122690,서진오토모티브,Y
1057,자동차부품,053270,구영테크,Y
1058,자동차부품,092200,디아이씨,N
1059,자동차부품,078590,OQP,Y
1060,자동차부품,007530,영신금속,Y
1061,자동차부품,025530,SJM홀딩스,N
1062,자동차부품,006660,삼성공조,N
1063,자동차부품,038110,에코플라스틱,Y
1064,자동차부품,290120,대유에이피,Y
1065,자동차부품,020400,대동금속,Y
1066,자동차부품,085910,네오티스,Y
1067,자동차부품,007860,서연,N
1068,자동차부품,241690,유니테크노,Y
1069,자동차부품,163560,동일고무벨트,N
1070,자동차부품,012200,계양전기,N
1071,자동차부품,004840,DRB동일,N
1072,자동차부품,001420,태원물산,N
1073,자동차부품,019770,서연탑메탈,Y
1074,자동차부품,016740,두올,N
1075,자동차부품,001620,케이비아이동국실업,N
1076,자동차부품,003570,S&T중공업,N
1077,자동차부품,041650,상신브레이크,N
1078,자동차부품,012860,모베이스전자,Y
1079,자동차부품,126640,화신정공,Y
1080,자동차부품,282690,동아타이어,N
1081,자동차부품,090150,광진윈텍,Y
1082,자동차부품,212560,네오오토,Y
1083,자동차부품,152330,코리아오토글라스,N
1084,자동차부품,036530,S&T홀딩스,N
1085,자동차부품,002355,넥센타이어1우B,N
1086,자동차부품,060980,한라홀딩스,N
1087,자동차부품,126600,코프라,Y
1088,자동차부품,045520,크린앤사이언스,Y
1089,자동차부품,005710,대원산업,Y
1090,자동차부품,001380,SG충방,N
1091,자동차부품,024900,덕양산업,N
1092,자동차부품,007340,디티알오토모티브,N
1093,자동차부품,090080,평화산업,N
1094,자동차부품,088290,이원컴포텍,Y
1095,자동차부품,071850,캐스텍코리아,Y
1096,자동차부품,011320,유니크,Y
1097,자동차부품,046070,코다코,Y
1098,자동차부품,040610,SG&G,Y
1099,자동차부품,005725,넥센우,N
1100,자동차부품,122350,삼기오토모티브,Y
1101,자동차부품,024740,한일단조,Y
1102,자동차부품,013520,화승알앤에이,N
1103,자동차부품,033250,체시스,N
1104,자동차부품,054300,팬스타엔터프라이즈,Y
1105,자동차부품,004100,태양금속,N
1106,자동차부품,010100,한국프랜지,N
1107,자동차부품,010580,지코,N
1108,자동차부품,012205,계양전기우,N
1109,자동차부품,017370,우신시스템,N
1110,자동차부품,021820,세원정공,N
1111,자동차부품,024830,세원물산,Y
1112,자동차부품,033600,럭슬,Y
1113,자동차부품,053700,삼보모터스,Y
1114,자동차부품,065500,오리엔트정공,Y
1115,자동차부품,073070,에스모,Y
1116,자동차부품,075180,새론오토모티브,N
1117,자동차부품,080440,에스제이케이,Y
1118,자동차부품,086250,이노와이즈,Y
1119,자동차부품,089470,HDC현대EP,N
1120,자동차부품,113810,디젠스,Y
1121,자동차부품,123700,SJM,N
1122,자동차부품,143210,핸즈코퍼레이션,N
1123,자동차부품,308170,센트랄모텍,N
1124,자동차부품,900080,에스앤씨엔진그룹,Y
1125,자동차부품,900100,뉴프라이드,Y
1126,자동차부품,025440,대성엘텍,Y
1127,자동차부품,018500,동원금속,N
1128,자동차부품,024120,KB오토시스,Y
1129,자동차부품,900070,글로벌에스엠,Y
1130,자동차부품,023890,한국아트라스비엑스,Y
1131,자동차부품,066590,우수AMS,Y
1132,자동차부품,215360,우리산업,Y
1133,자동차부품,004105,태양금속우,N
1134,자동차부품,123040,엠에스오토텍,Y
1135,자동차부품,900260,로스웰,Y
1136,자동차부품,011210,현대위아,N
1137,자동차부품,018880,한온시스템,N
1138,자동차부품,900280,골든센츄리,Y
1139,자동차부품,073240,금호타이어,N
1140,자동차부품,033530,세종공업,N
1141,자동차부품,048430,유라테크,Y
1142,자동차부품,004490,세방전지,N
1143,자동차부품,161390,한국타이어앤테크놀로지,N
1144,자동차부품,002350,넥센타이어,N
1145,자동차부품,012330,현대모비스,N
1146,자동차부품,002920,유성기업,N
1147,자동차부품,200880,서연이화,N
1148,자동차부품,000430,대원강업,N
1149,자동차부품,005720,넥센,N
1150,자동차부품,025540,한국단자,N
1151,자동차부품,105550,트루윈,Y
1152,자동차부품,000300,대유플러스,N
1153,자동차부품,101360,이엔드디,Y
1154,자동차부품,002880,대유에이텍,N
1155,자동차부품,002630,오리엔트바이오,N
1156,자동차부품,021650,한국큐빅,Y
1157,자동차부품,019180,티에이치엔,N
1158,자동차부품,013310,아진산업,Y
1159,자동차부품,105330,케이엔더블유,Y
1160,자동차부품,064960,S&T모티브,N
1161,자동차부품,023810,인팩,N
1162,자동차부품,118990,모트렉스,Y
1163,자동차부품,204320,만도,N
1164,자동차부품,015750,성우하이텍,Y
1165,자동차부품,092780,동양피스톤,N
1166,자동차부품,104040,대성파인텍,Y
1167,자동차부품,008500,일정실업,N
1168,자동차부품,010690,화신,N
1169,자동차부품,265560,영화테크,Y
1170,자동차부품,013720,청보산업,Y
1171,자동차부품,072470,우리산업홀딩스,Y
1172,자동차부품,019540,일지테크,Y
1173,자동차부품,161570,THE MIDONG,Y
1174,자동차부품,123410,코리아에프티,Y
1175,자동차부품,043370,평화정공,Y
1176,식품,014710,사조씨푸드,N
1177,식품,097950,CJ제일제당,N
1178,식품,195500,마니커에프앤지,Y
1179,식품,277410,인산가,Y
1180,식품,011150,CJ씨푸드,N
1181,식품,030720,동원수산,N
1182,식품,097955,CJ제일제당 우,N
1183,식품,002140,고려산업,N
1184,식품,005670,푸드웰,Y
1185,식품,003920,남양유업,N
1186,식품,001800,오리온홀딩스,N
1187,식품,248170,샘표식품,N
1188,식품,103840,우양,Y
1189,식품,025870,신라에스지,Y
1190,식품,003960,사조대림,N
1191,식품,001790,대한제당,N
1192,식품,001680,대상,N
1193,식품,066360,체리부로,Y
1194,식품,004410,서울식품,N
1195,식품,222980,한국맥널티,Y
1196,식품,218150,미래생명자원,Y
1197,식품,006980,우성사료,N
1198,식품,008040,사조동아원,N
1199,식품,007540,샘표,N
1200,식품,007310,오뚜기,N
1201,식품,002760,보락,N
1202,식품,136480,하림,Y
1203,식품,001685,대상우,N
1204,식품,005610,SPC삼립,N
1205,식품,003230,삼양식품,N
1206,식품,005180,빙그레,N
1207,식품,005860,한일사료,Y
1208,식품,007160,사조산업,N
1209,식품,00499K,롯데지주우,N
1210,식품,006090,사조오양,N
1211,식품,271560,오리온,N
1212,식품,003680,한성기업,N
1213,식품,027740,마니커,N
1214,식품,016790,현대사료,Y
1215,식품,208140,정다운,Y
1216,식품,264900,크라운제과,N
1217,식품,088910,동우팜투테이블,Y
1218,식품,003380,하림지주,Y
1219,식품,005740,크라운해태홀딩스,N
1220,식품,900340,윙입푸드,Y
1221,식품,001795,대한제당우,N
1222,식품,009780,엠에스씨,Y
1223,식품,003925,남양유업우,N
1224,식품,002270,롯데푸드,N
1225,식품,004370,농심,N
1226,식품,26490K,크라운제과우,N
1227,식품,017810,풀무원,N
1228,식품,084695,대상홀딩스우,N
1229,식품,006040,동원산업,N
1230,식품,049770,동원F&B,N
1231,식품,003310,대주산업,Y
1232,식품,084690,대상홀딩스,N
1233,식품,004970,신라교역,N
1234,식품,000075,삼양홀딩스우,N
1235,식품,136490,선진,N
1236,식품,011155,CJ씨푸드1우,N
1237,식품,005990,매일홀딩스,Y
1238,식품,000070,삼양홀딩스,N
1239,식품,004990,롯데지주,N
1240,식품,145995,삼양사우,N
1241,식품,101530,해태제과식품,N
1242,식품,035810,이지홀딩스,Y
1243,식품,145990,삼양사,N
1244,식품,290720,푸드나무,Y
1245,식품,004415,서울식품우,N
1246,식품,027710,팜스토리,Y
1247,식품,073560,우리손에프앤지,Y
1248,식품,025880,케이씨피드,Y
1249,식품,036580,팜스코,N
1250,식품,072710,농심홀딩스,N
1251,식품,002680,한탑,Y
1252,식품,353810,이지바이오,Y
1253,식품,267980,매일유업,Y
1254,식품,005745,크라운해태홀딩스우,N
1255,식품,280360,롯데제과,N
1256,식품,001130,대한제분,N
1257,식품,002600,조흥,N
1258,식품,026960,동서,N
1259,건설,026150,특수건설,Y
1260,건설,009415,태영건설우,N
1261,건설,011370,서한,Y
1262,건설,042940,상지카일룸,Y
1263,건설,046940,우원개발,Y
1264,건설,065950,웰크론,Y
1265,건설,009410,태영건설,N
1266,건설,001470,삼부토건,N
1267,건설,002785,진흥기업우B,N
1268,건설,003070,코오롱글로벌,N
1269,건설,028100,동아지질,N
1270,건설,004960,한신공영,N
1271,건설,060370,KT서브마린,Y
1272,건설,363280,티와이홀딩스,N
1273,건설,002290,삼일기업공사,Y
1274,건설,005965,동부건설우,N
1275,건설,002410,범양건영,N
1276,건설,017000,신원종합개발,Y
1277,건설,021320,KCC건설,Y
1278,건설,023960,에쓰씨엔지니어링,N
1279,건설,001880,대림건설,N
1280,건설,001840,이화공영,Y
1281,건설,016250,이테크건설,Y
1282,건설,002780,진흥기업,N
1283,건설,047040,대우건설,N
1284,건설,001260,남광토건,N
1285,건설,011560,세보엠이씨,Y
1286,건설,035890,서희건설,Y
1287,건설,037440,희림,Y
1288,건설,094820,일진파워,Y
1289,건설,013580,계룡건설,N
1290,건설,010960,삼호개발,N
1291,건설,002990,금호산업,N
1292,건설,000725,현대건설우,N
1293,건설,034300,신세계건설,N
1294,건설,025950,동신건설,Y
1295,건설,002460,화성산업,N
1296,건설,091590,남화토건,Y
1297,건설,036190,금화피에스시,Y
1298,건설,000720,현대건설,N
1299,건설,36328K,티와이홀딩스우,N
1300,건설,010400,우진아이엔에스,N
1301,건설,317400,자이에스앤디,N
1302,건설,044180,KD,Y
1303,건설,014790,한라,N
1304,건설,002787,진흥기업2우B,N
1305,건설,006360,GS건설,N
1306,건설,023350,한국종합기술,N
1307,건설,101670,코리아에스이,Y
1308,건설,039570,HDC아이콘트롤스,N
1309,건설,002995,금호산업우,N
1310,건설,013120,동원개발,Y
1311,건설,066620,국보디자인,Y
1312,건설,002150,도화엔지니어링,N
1313,건설,013700,까뮤이앤씨,N
1314,건설,007680,대원,Y
1315,건설,294870,HDC현대산업개발,N
1316,건설,000210,대림산업,N
1317,건설,053690,한미글로벌,N
1318,건설,000215,대림산업우,N
1319,건설,013360,일성건설,N
1320,건설,005960,동부건설,N
1321,건설,045100,한양이엔지,Y
1322,건설,012630,HDC,N
1323,건설,028050,삼성엔지니어링,N
1324,건설,010780,아이에스동서,N
1325,건설,054930,유신,Y
1326,건설,003075,코오롱글로벌우,N
1327,자동차,003620,쌍용차,N
1328,자동차,000270,기아차,N
1329,자동차,900140,엘브이엠씨홀딩스,N
1330,자동차,005387,현대차2우B,N
1331,자동차,005389,현대차3우B,N
1332,자동차,005380,현대차,N
1333,자동차,000040,KR모터스,N
1334,자동차,005385,현대차우,N
1335,비철금속,079170,한창산업,Y
1336,비철금속,006110,삼아알미늄,N
1337,비철금속,001780,알루코,N
1338,비철금속,177830,파버나인,Y
1339,비철금속,025820,이구산업,N
1340,비철금속,060480,국일신동,Y
1341,비철금속,103140,풍산,N
1342,비철금속,014580,태경비케이,N
1343,비철금속,081150,티플랙스,Y
1344,비철금속,018470,조일알미늄,N
1345,비철금속,186230,그린플러스,Y
1346,비철금속,054410,케이피티유,Y
1347,비철금속,058430,포스코강판,N
1348,비철금속,010130,고려아연,N
1349,비철금속,069460,대호에이엘,N
1350,비철금속,081000,일진다이아,N
1351,비철금속,010040,한국내화,N
1352,비철금속,015890,태경산업,N
1353,비철금속,024090,디씨엠,N
1354,비철금속,032560,황금에스티,N
1355,비철금속,005810,풍산홀딩스,N
1356,비철금속,021050,서원,N
1357,비철금속,009190,대양금속,N
1358,비철금속,128660,피제이메탈,Y
1359,비철금속,075970,동국알앤에스,Y
1360,비철금속,001560,제일연마,N
1361,비철금속,065620,제낙스,Y
1362,비철금속,009730,코센,Y
1363,비철금속,012800,대창,N
1364,비철금속,004565,현대비앤지스틸우,N
1365,비철금속,037760,쎄니트,Y
1366,비철금속,000480,조선내화,N
1367,비철금속,004560,현대비앤지스틸,N
1368,비철금속,009620,삼보산업,Y
1369,비철금속,155660,DSR,N
1370,철강,002710,TCC스틸,N
1371,철강,007280,한국특수형강,N
1372,철강,025550,한국선재,Y
1373,철강,053260,금강철강,Y
1374,철강,306200,세아제강,N
1375,철강,012160,영흥,N
1376,철강,084010,대한제강,N
1377,철강,003030,세아제강지주,N
1378,철강,263770,유에스티,Y
1379,철강,025890,한국주강,N
1380,철강,008420,문배철강,N
1381,철강,120030,조선선재,N
1382,철강,000970,한국주철관,N
1383,철강,026940,부국철강,N
1384,철강,019440,세아특수강,N
1385,철강,005010,휴스틸,N
1386,철강,001770,신화실업,N
1387,철강,002240,고려제강,N
1388,철강,008260,NI스틸,N
1389,철강,005160,동국산업,Y
1390,철강,039240,경남스틸,Y
1391,철강,069730,DSR제강,N
1392,철강,026910,광진실업,Y
1393,철강,071090,하이스틸,N
1394,철강,012620,원일특강,Y
1395,철강,048470,대동스틸,Y
1396,철강,000590,CS홀딩스,N
1397,철강,004890,동일산업,N
1398,철강,021040,대호피앤씨,Y
1399,철강,017480,삼현철강,Y
1400,철강,002220,한일철강,N
1401,철강,058650,세아홀딩스,N
1402,철강,008970,동양철관,N
1403,철강,133820,화인베스틸,N
1404,철강,032860,글로스퍼랩스,Y
1405,철강,060380,동양에스텍,Y
1406,철강,140520,대창스틸,Y
1407,철강,002690,동일제강,N
1408,철강,005490,POSCO,N
1409,철강,001080,만호제강,N
1410,철강,001230,동국제강,N
1411,철강,001940,KISCO홀딩스,N
1412,철강,001430,세아베스틸,N
1413,철강,104700,한국철강,N
1414,철강,023790,동일철강,Y
1415,철강,009520,포스코엠텍,Y
1416,철강,004020,현대제철,N
1417,철강,016380,KG동부제철,N
1418,철강,023440,제일제강,Y
1419,철강,016385,KG동부제철우,N
1420,철강,021045,대호피앤씨우,Y
1421,창업투자,289080,SV인베스트먼트,Y
1422,창업투자,027360,아주IB투자,Y
1423,창업투자,335890,IBKS제11호스팩,Y
1424,창업투자,241520,DSC인베스트먼트,Y
1425,창업투자,293580,나우IB,Y
1426,창업투자,027830,대성창투,Y
1427,창업투자,299170,IBKS제10호스팩,Y
1428,창업투자,339950,엔에이치스팩15호,Y
1429,창업투자,322780,DB금융스팩7호,Y
1430,창업투자,246690,TS인베스트먼트,Y
1431,창업투자,323230,신한제5호스팩,Y
1432,창업투자,016600,큐캐피탈,Y
1433,창업투자,100790,미래에셋벤처투자,Y
1434,창업투자,351320,IBKS제14호스팩,Y
1435,창업투자,019550,SBI인베스트먼트,Y
1436,창업투자,309930,삼성머스트스팩3호,Y
1437,창업투자,353490,미래에셋대우스팩 5호,Y
1438,창업투자,307930,컴퍼니케이,Y
1439,창업투자,291230,삼성스팩2호,Y
1440,창업투자,353190,엔에이치스팩16호,Y
1441,창업투자,333050,신한제6호스팩,Y
1442,창업투자,311270,키움제5호스팩,Y
1443,창업투자,310840,엔에이치스팩13호,Y
1444,창업투자,317320,한화에스비아이스팩,Y
1445,창업투자,340360,유안타제6호스팩,Y
1446,창업투자,349720,이베스트스팩5호,Y
1447,창업투자,351340,IBKS제13호스팩,Y
1448,창업투자,340440,한화플러스제1호스팩,Y
1449,창업투자,335870,IBKS제12호스팩,Y
1450,창업투자,333430,미래에셋대우스팩4호,Y
1451,창업투자,353070,에이치엠씨제4호스팩,Y
1452,창업투자,332710,하나금융14호스팩,Y
1453,창업투자,336060,유안타제5호스팩,Y
1454,창업투자,336570,대신밸런스제8호스팩,Y
1455,창업투자,344050,신영스팩6호,Y
1456,창업투자,337450,SK5호스팩,Y
1457,창업투자,343510,하나금융16호스팩,Y
1458,창업투자,340120,하이제5호스팩,Y
1459,창업투자,342550,케이비제20호스팩,Y
1460,창업투자,340350,SK6호스팩,Y
1461,창업투자,341160,하나금융15호스팩,Y
1462,창업투자,331520,교보9호스팩,Y
1463,창업투자,331380,유진스팩5호,Y
1464,창업투자,330990,케이비제19호스팩,Y
1465,창업투자,310870,한국제8호스팩,Y
1466,창업투자,313750,유안타제4호스팩,Y
1467,창업투자,317030,케이비17호스팩,Y
1468,창업투자,307070,SK4호스팩,Y
1469,창업투자,319400,엔에이치스팩14호,Y
1470,창업투자,321260,유진스팩4호,Y
1471,창업투자,323210,이베스트이안스팩1호,Y
1472,창업투자,323280,신영스팩5호,Y
1473,창업투자,291210,한국제7호스팩,Y
1474,창업투자,328380,미래에셋대우스팩3호,Y
1475,창업투자,329560,상상인이안제2호스팩,Y
1476,창업투자,287410,유안타제3호스팩,Y
1477,창업투자,307280,교보8호스팩,Y
1478,창업투자,307750,대신밸런스제6호스팩,Y
1479,창업투자,019570,리더스 기술투자,Y
1480,창업투자,307160,하나머스트제6호스팩,Y
1481,창업투자,021080,에이티넘인베스트,Y
1482,창업투자,323940,케이비제18호스팩,Y
1483,창업투자,347140,케이프이에스제4호,Y
1484,창업투자,332290,대신밸런스제7호스팩,Y
1485,창업투자,355150,교보10호스팩,Y
1486,창업투자,317240,하이제4호스팩,Y
1487,창업투자,307870,상상인이안1호스팩,Y
1488,창업투자,359090,엔에이치스팩17호,Y
1489,창업투자,041190,우리기술투자,Y
1490,창업투자,019590,엠벤처투자,Y
1491,창업투자,277070,린드먼아시아,Y
1492,"섬유,의류,신발,호화품",084870,TBH글로벌,N
1493,"섬유,의류,신발,호화품",215480,토박스코리아,Y
1494,"섬유,의류,신발,호화품",004830,덕성,N
1495,"섬유,의류,신발,호화품",110790,크리스에프앤씨,Y
1496,"섬유,의류,신발,호화품",225590,패션플랫폼,Y
1497,"섬유,의류,신발,호화품",144620,코오롱머티리얼,N
1498,"섬유,의류,신발,호화품",308100,까스텔바작,Y
1499,"섬유,의류,신발,호화품",001530,DI동일,N
1500,"섬유,의류,신발,호화품",005390,신성통상,N
1501,"섬유,의류,신발,호화품",064800,젬백스링크,Y
1502,"섬유,의류,신발,호화품",009270,신원,N
1503,"섬유,의류,신발,호화품",204020,그리티,Y
1504,"섬유,의류,신발,호화품",102280,쌍방울,N
1505,"섬유,의류,신발,호화품",194370,제이에스코퍼레이션,N
1506,"섬유,의류,신발,호화품",090370,메타랩스,N
1507,"섬유,의류,신발,호화품",047770,코데즈컴바인,Y
1508,"섬유,의류,신발,호화품",004060,SG세계물산,N
1509,"섬유,의류,신발,호화품",008600,윌비스,N
1510,"섬유,의류,신발,호화품",088790,진도,N
1511,"섬유,의류,신발,호화품",079980,휴비스,N
1512,"섬유,의류,신발,호화품",033340,좋은사람들,Y
1513,"섬유,의류,신발,호화품",016090,대현,N
1514,"섬유,의류,신발,호화품",011300,성안,N
1515,"섬유,의류,신발,호화품",004835,덕성우,N
1516,"섬유,의류,신발,호화품",000680,LS네트웍스,N
1517,"섬유,의류,신발,호화품",011080,형지I&C,Y
1518,"섬유,의류,신발,호화품",005800,신영와코루,N
1519,"섬유,의류,신발,호화품",267790,배럴,Y
1520,"섬유,의류,신발,호화품",013990,아가방컴퍼니,Y
1521,"섬유,의류,신발,호화품",098660,에스티오,Y
1522,"섬유,의류,신발,호화품",000950,전방,N
1523,"섬유,의류,신발,호화품",111770,영원무역,N
1524,"섬유,의류,신발,호화품",111110,호전실업,N
1525,"섬유,의류,신발,호화품",039980,리노스,Y
1526,"섬유,의류,신발,호화품",065060,지엔코,Y
1527,"섬유,의류,신발,호화품",002070,비비안,N
1528,"섬유,의류,신발,호화품",001460,BYC,N
1529,"섬유,의류,신발,호화품",081660,휠라홀딩스,N
1530,"섬유,의류,신발,호화품",114630,우노앤컴퍼니,Y
1531,"섬유,의류,신발,호화품",001465,BYC우,N
1532,"섬유,의류,신발,호화품",101140,비티원,N
1533,"섬유,의류,신발,호화품",000050,경방,N
1534,"섬유,의류,신발,호화품",007980,태평양물산,N
1535,"섬유,의류,신발,호화품",001070,대한방직,N
1536,"섬유,의류,신발,호화품",020000,한섬,N
1537,"섬유,의류,신발,호화품",014990,인디에프,N
1538,"섬유,의류,신발,호화품",003200,일신방직,N
1539,"섬유,의류,신발,호화품",032080,아즈텍WB,Y
1540,"섬유,의류,신발,호화품",069640,한세엠케이,N
1541,"섬유,의류,신발,호화품",011330,유니켐,N
1542,"섬유,의류,신발,호화품",337930,브랜드엑스코퍼레이션,Y
1543,"섬유,의류,신발,호화품",026040,제이에스티나,Y
1544,"섬유,의류,신발,호화품",009275,신원우,N
1545,"섬유,의류,신발,호화품",159580,제로투세븐,Y
1546,"섬유,의류,신발,호화품",306040,에스제이그룹,Y
1547,"섬유,의류,신발,호화품",024890,대원화성,N
1548,"섬유,의류,신발,호화품",002170,삼양통상,N
1549,"섬유,의류,신발,호화품",033290,코웰패션,Y
1550,"섬유,의류,신발,호화품",093050,LF,N
1551,"섬유,의류,신발,호화품",093240,형지엘리트,N
1552,"섬유,의류,신발,호화품",035150,백산,N
1553,"섬유,의류,신발,호화품",005320,국동,N
1554,"섬유,의류,신발,호화품",038530,골드퍼시픽,Y
1555,"섬유,의류,신발,호화품",016450,한세예스24홀딩스,N
1556,"섬유,의류,신발,호화품",263020,디케이앤디,Y
1557,"섬유,의류,신발,호화품",006060,화승인더,N
1558,"섬유,의류,신발,호화품",009970,영원무역홀딩스,N
1559,"섬유,의류,신발,호화품",003610,방림,N
1560,"섬유,의류,신발,호화품",004700,조광피혁,N
1561,"섬유,의류,신발,호화품",008290,원풍물산,Y
1562,"섬유,의류,신발,호화품",010600,웰바이오텍,N
1563,"섬유,의류,신발,호화품",298540,더네이쳐홀딩스,Y
1564,"섬유,의류,신발,호화품",241590,화승엔터프라이즈,N
1565,"섬유,의류,신발,호화품",900110,이스트아시아홀딩스,Y
1566,"섬유,의류,신발,호화품",031430,신세계인터내셔날,N
1567,"섬유,의류,신발,호화품",007700,F&F,N
1568,"섬유,의류,신발,호화품",298020,효성티앤씨,N
1569,"섬유,의류,신발,호화품",105630,한세실업,N
1570,통신장비,200230,텔콘RF제약,Y
1571,통신장비,091440,텔레필드,Y
1572,통신장비,033230,인성정보,Y
1573,통신장비,095270,웨이브일렉트로,Y
1574,통신장비,214870,뉴지랩,Y
1575,통신장비,019490,하이트론,N
1576,통신장비,317120,라닉스,Y
1577,통신장비,035460,기산텔레콤,Y
1578,통신장비,065770,CS,Y
1579,통신장비,109080,옵티시스,Y
1580,통신장비,015710,코콤,Y
1581,통신장비,029480,바른테크놀로지,Y
1582,통신장비,072950,빛샘전자,Y
1583,통신장비,192410,감마누,Y
1584,통신장비,039010,현대통신,Y
1585,통신장비,264450,유비쿼스,Y
1586,통신장비,038680,에스넷,Y
1587,통신장비,052460,아이크래프트,Y
1588,통신장비,189300,인텔리안테크,Y
1589,통신장비,073540,에프알텍,Y
1590,통신장비,069540,라이트론,Y
1591,통신장비,033790,스카이문스테크놀로지,Y
1592,통신장비,073490,이노와이어리스,Y
1593,통신장비,078070,유비쿼스홀딩스,Y
1594,통신장비,036690,코맥스,Y
1595,통신장비,115440,우리넷,Y
1596,통신장비,031310,아이즈비전,Y
1597,통신장비,100590,머큐리,Y
1598,통신장비,062970,피피아이,Y
1599,통신장비,056360,코위버,Y
1600,통신장비,215790,이노인스트루먼트,Y
1601,통신장비,039560,다산네트웍스,Y
1602,통신장비,327260,메탈라이프,Y
1603,통신장비,037460,삼지전자,Y
1604,통신장비,148250,알엔투테크놀로지,Y
1605,통신장비,178320,서진시스템,Y
1606,통신장비,230240,에치에프알,Y
1607,통신장비,218410,RFHIC,Y
1608,통신장비,052860,아이앤씨,Y
1609,통신장비,138080,오이솔루션,Y
1610,통신장비,089850,유비벨록스,Y
1611,통신장비,050890,쏠리드,Y
1612,통신장비,088800,에이스테크,Y
1613,통신장비,032500,케이엠더블유,Y
1614,통신장비,170790,파이오링크,Y
1615,기계,051490,나라엠앤디,Y
1616,기계,036890,진성티이씨,Y
1617,기계,053080,원방테크,Y
1618,기계,036560,영풍정밀,Y
1619,기계,105740,디케이락,Y
1620,기계,007820,에스엠코어,Y
1621,기계,092440,기신정기,N
1622,기계,112610,씨에스윈드,N
1623,기계,007460,에이프로젠 KIC,N
1624,기계,015590,큐로,N
1625,기계,096350,대창솔루션,Y
1626,기계,254120,자비스,Y
1627,기계,033540,파라텍,Y
1628,기계,277880,티에스아이,Y
1629,기계,241560,두산밥캣,N
1630,기계,004380,삼익THK,N
1631,기계,282880,코윈테크,Y
1632,기계,317830,에스피시스템스,Y
1633,기계,109860,동일금속,Y
1634,기계,085310,엔케이,N
1635,기계,138070,신진에스엠,Y
1636,기계,083650,비에이치아이,Y
1637,기계,043340,에쎈테크,Y
1638,기계,003010,혜인,N
1639,기계,008830,대동기어,Y
1640,기계,086670,비엠티,Y
1641,기계,101170,우림기계,Y
1642,기계,076080,웰크론한텍,Y
1643,기계,048770,TPC,Y
1644,기계,018000,유니슨,Y
1645,기계,053160,프리엠스,Y
1646,기계,043220,에이치엘비파워,Y
1647,기계,095190,이엠코리아,Y
1648,기계,074610,이엔플러스,N
1649,기계,297090,씨에스베어링,Y
1650,기계,039610,화성밸브,Y
1651,기계,090710,휴림로봇,Y
1652,기계,210540,디와이파워,N
1653,기계,104460,디와이피엔에프,Y
1654,기계,195990,에이비프로바이오,Y
1655,기계,017550,수산중공업,N
1656,기계,024880,케이피에프,Y
1657,기계,013810,스페코,Y
1658,기계,002900,동양물산,N
1659,기계,100840,S&TC,N
1660,기계,089140,넥스턴,Y
1661,기계,101680,한국정밀기계,Y
1662,기계,017800,현대엘리베이,N
1663,기계,041440,에버다임,Y
1664,기계,258610,이더블유케이,Y
1665,기계,000490,대동공업,N
1666,기계,013570,디와이,N
1667,기계,049430,코메론,Y
1668,기계,044060,조광ILI,Y
1669,기계,073640,테라사이언스,Y
1670,기계,100130,동국S&C,Y
1671,기계,009160,SIMPAC,N
1672,기계,119650,KC코트렐,N
1673,기계,019210,와이지-원,Y
1674,기계,033430,디에스티,Y
1675,기계,049800,우진플라임,N
1676,기계,100660,서암기계공업,Y
1677,기계,114190,강원,Y
1678,기계,158310,스타모빌리티,Y
1679,기계,317850,대모,Y
1680,기계,140670,알에스오토메이션,Y
1681,기계,015230,대창단조,N
1682,기계,000850,화천기공,N
1683,기계,014200,광림,Y
1684,기계,014620,성광벤드,Y
1685,기계,064350,현대로템,N
1686,기계,010660,화천기계,N
1687,기계,053590,한국테크놀로지,Y
1688,기계,090360,로보스타,Y
1689,기계,013030,하이록코리아,Y
1690,기계,019990,에너토크,Y
1691,기계,023160,태광,Y
1692,기계,060310,3S,Y
1693,기계,034020,두산중공업,N
1694,기계,009440,KC그린홀딩스,N
1695,기계,008470,부스타,Y
1696,기계,148140,비디아이,Y
1697,기계,119500,포메탈,Y
1698,기계,126880,제이엔케이히터,Y
1699,기계,044490,태웅,Y
1700,기계,042670,두산인프라코어,N
1701,기계,044780,에이치케이,Y
1702,기계,084180,수성,Y
1703,기계,105840,우진,N
1704,기계,011700,한신기계,N
1705,기계,071670,에이테크솔루션,Y
1706,기계,099440,스맥,Y
1707,기계,126870,뉴로스,Y
1708,기계,064510,에코마이스터,Y
1709,기계,010240,흥국,Y
1710,기계,056190,에스에프에이,Y
1711,기계,050860,아세아텍,Y
1712,기계,141070,맥스로텍,Y
1713,기계,054540,삼영엠텍,Y
1714,기계,267270,현대건설기계,N
1715,화학,005950,이수화학,N
1716,화학,011500,한농화성,N
1717,화학,28513K,SK케미칼우,N
1718,화학,285130,SK케미칼,N
1719,화학,001390,KG케미칼,N
1720,화학,011785,금호석유우,N
1721,화학,083420,그린케미칼,N
1722,화학,093370,후성,N
1723,화학,010640,진양폴리,N
1724,화학,086520,에코프로,Y
1725,화학,005420,코스모화학,N
1726,화학,318000,한국바이오젠,Y
1727,화학,003720,삼영화학,N
1728,화학,294140,레몬,Y
1729,화학,000760,이화산업,N
1730,화학,011780,금호석유,N
1731,화학,161000,애경유화,N
1732,화학,050760,에스폴리텍,Y
1733,화학,048830,엔피케이,Y
1734,화학,001340,백광산업,N
1735,화학,004250,NPC,N
1736,화학,178920,PI첨단소재,Y
1737,화학,138490,코오롱플라스틱,N
1738,화학,011170,롯데케미칼,N
1739,화학,097870,효성오앤비,Y
1740,화학,005690,파미셀,N
1741,화학,900250,크리스탈신소재,Y
1742,화학,008370,원풍,Y
1743,화학,051910,LG화학,N
1744,화학,004255,NPC우,N
1745,화학,069260,휴켐스,N
1746,화학,045060,오공,Y
1747,화학,004430,송원산업,N
1748,화학,120240,대정화금,Y
1749,화학,091970,나노캠텍,Y
1750,화학,014440,영보화학,N
1751,화학,221980,케이디켐,Y
1752,화학,012610,경인양행,N
1753,화학,290380,대유,Y
1754,화학,006380,카프로,N
1755,화학,051915,LG화학우,N
1756,화학,014830,유니드,N
1757,화학,003240,태광산업,N
1758,화학,187790,나노,Y
1759,화학,121600,나노신소재,Y
1760,화학,025860,남해화학,N
1761,화학,120115,코오롱인더우,N
1762,화학,003080,성보화학,N
1763,화학,100250,진양홀딩스,N
1764,화학,110020,전진바이오팜,Y
1765,화학,007690,국도화학,N
1766,화학,004090,한국석유,N
1767,화학,051630,진양화학,N
1768,화학,002020,코오롱,N
1769,화학,002100,경농,N
1770,화학,003670,포스코케미칼,N
1771,화학,006890,태경케미컬,N
1772,화학,092230,KPX홀딩스,N
1773,화학,005190,동성화학,N
1774,화학,014190,원익큐브,Y
1775,화학,104480,티케이케미칼,Y
1776,화학,009830,한화솔루션,N
1777,화학,002840,미원상사,N
1778,화학,004000,롯데정밀화학,N
1779,화학,134380,미원화학,N
1780,화학,007590,동방아그로,N
1781,화학,001550,조비,N
1782,화학,002025,코오롱우,N
1783,화학,005070,코스모신소재,N
1784,화학,023450,동남합성,N
1785,화학,028040,미래SCI,Y
1786,화학,036670,KCI,Y
1787,화학,042040,케이피엠테크,Y
1788,화학,120110,코오롱인더,N
1789,화학,281740,레이크머티리얼즈,Y
1790,화학,002360,SH에너지화학,N
1791,화학,003830,대한화섬,N
1792,화학,055490,테이팩스,N
1793,화학,007770,한일화학,Y
1794,화학,024070,WISCOM,N
1795,화학,102710,이엔에프테크놀로지,Y
1796,화학,025000,KPX케미칼,N
1797,화학,014680,한솔케미칼,N
1798,화학,115570,스타플렉스,Y
1799,화학,065560,녹원씨엔아이,Y
1800,화학,002810,삼영무역,N
1801,화학,286750,나노브릭,Y
1802,화학,222420,쎄노텍,Y
1803,화학,102260,동성코퍼레이션,N
1804,화학,196700,웹스,Y
1805,화학,010060,OCI,N
1806,화학,298050,효성첨단소재,N
1807,화학,221610,자안,Y
1808,화학,011790,SKC,N
1809,화학,006840,AK홀딩스,N
1810,화학,220260,켐트로스,Y
1811,화학,268280,미원에스씨,N
1812,화학,033500,동성화인텍,Y
1813,화학,104830,원익머트리얼즈,Y
1814,화학,107590,미원홀딩스,N
1815,화학,036640,HRS,Y
1816,화학,298000,효성화학,N
1817,화학,131100,스카이이앤엠,Y
1818,화학,003780,진양산업,N
1819,화학,089010,켐트로닉스,Y
1820,화학,066430,와이오엠,Y
1821,화학,001570,금양,N
1822,화학,009835,한화솔루션우,N
1823,화학,017890,한국알콜,Y
1824,화학,006650,대한유화,N
1825,전기장비,229640,LS전선아시아,N
1826,전기장비,006260,LS,N
1827,전기장비,033100,제룡전기,Y
1828,전기장비,024840,KBI메탈,Y
1829,전기장비,147830,제룡산업,Y
1830,전기장비,017510,세명전기,Y
1831,전기장비,006345,대원전선우,N
1832,전기장비,010170,대한광통신,Y
1833,전기장비,000500,가온전선,N
1834,전기장비,298040,효성중공업,N
1835,전기장비,042370,비츠로테크,Y
1836,전기장비,010120,LS ELECTRIC,N
1837,전기장비,006340,대원전선,N
1838,전기장비,103590,일진전기,N
1839,전기장비,017040,광명전기,N
1840,전기장비,015860,일진홀딩스,N
1841,전기장비,007610,선도전기,N
1842,전기장비,024810,이화전기,Y
1843,전기장비,189860,서전기전,Y
1844,전기장비,001440,대한전선,N
1845,전기장비,119850,지엔씨에너지,Y
1846,전기장비,006910,보성파워텍,Y
1847,전기장비,267260,현대일렉트릭,N
1848,전기장비,126340,비나텍,Y
1849,전기장비,237750,피앤씨테크,Y
1850,음료,000080,하이트진로,N
1851,음료,000087,하이트진로2우B,N
1852,음료,000140,하이트진로홀딩스,N
1853,음료,000145,하이트진로홀딩스우,N
1854,음료,005305,롯데칠성우,N
1855,음료,033920,무학,N
1856,음료,043650,국순당,Y
1857,음료,189980,흥국에프엔비,Y
1858,음료,018120,진로발효,Y
1859,음료,000890,보해양조,N
1860,음료,023900,풍국주정,Y
1861,음료,005300,롯데칠성,N
1862,음료,007390,네이처셀,Y
1863,음료,004650,창해에탄올,Y
1864,음료,023150,MH에탄올,N
1865,생물공학,291650,압타머사이언스,Y
1866,생물공학,064550,바이오니아,Y
1867,생물공학,095700,제넥신,Y
1868,생물공학,196170,알테오젠,Y
1869,생물공학,226950,올릭스,Y
1870,생물공학,145020,휴젤,Y
1871,생물공학,109820,진매트릭스,Y
1872,생물공학,142760,바이오리더스,Y
1873,생물공학,166480,코아스템,Y
1874,생물공학,217730,강스템바이오텍,Y
1875,생물공학,086900,메디톡스,Y
1876,생물공학,268600,셀리버리,Y
1877,생물공학,206650,유바이오로직스,Y
1878,생물공학,222110,팬젠,Y
1879,생물공학,086820,바이오솔루션,Y
1880,생물공학,203690,프로스테믹스,Y
1881,생물공학,031390,녹십자셀,Y
1882,생물공학,115180,큐리언트,Y
1883,생물공학,263050,유틸렉스,Y
1884,생물공학,208340,파멥신,Y
1885,생물공학,154030,아시아종묘,Y
1886,생물공학,185490,아이진,Y
1887,생물공학,191420,테고사이언스,Y
1888,생물공학,039200,오스코텍,Y
1889,생물공학,049960,쎌바이오텍,Y
1890,생물공학,085660,차바이오텍,Y
1891,생물공학,087010,펩트론,Y
1892,생물공학,196300,애니젠,Y
1893,생물공학,215600,신라젠,Y
1894,생물공학,214370,케어젠,Y
1895,생물공학,038070,서린바이오,Y
1896,생물공학,092040,아미코젠,Y
1897,생물공학,246710,티앤알바이오팹,Y
1898,생물공학,298380,에이비엘바이오,Y
1899,생물공학,054050,농우바이오,Y
1900,생물공학,174900,앱클론,Y
1901,생물공학,217330,싸이토젠,Y
1902,생물공학,187420,제노포커스,Y
1903,생물공학,011000,진원생명과학,N
1904,생물공학,078160,메디포스트,Y
1905,생물공학,331920,셀레믹스,Y
1906,생물공학,084990,헬릭스미스,Y
1907,생물공학,299660,셀리드,Y
1908,IT서비스,031820,콤텍시스템,N
1909,IT서비스,067010,이씨에스,Y
1910,IT서비스,020180,대신정보통신,Y
1911,IT서비스,139050,데일리블록체인,Y
1912,IT서비스,094480,갤럭시아머니트리,Y
1913,IT서비스,042500,링네트,Y
1914,IT서비스,032680,소프트센,Y
1915,IT서비스,040350,큐로컴,Y
1916,IT서비스,322180,티라유텍,Y
1917,IT서비스,286940,롯데정보통신,N
1918,IT서비스,060250,NHN한국사이버결제,Y
1919,IT서비스,039420,케이엘넷,Y
1920,IT서비스,064480,브리지텍,Y
1921,IT서비스,124500,아이티센,Y
1922,IT서비스,079940,가비아,Y
1923,IT서비스,267850,아시아나IDT,N
1924,IT서비스,064260,다날,Y
1925,IT서비스,032685,소프트센우,Y
1926,IT서비스,173130,오파스넷,Y
1927,IT서비스,950110,SBI핀테크솔루션즈,Y
1928,IT서비스,041460,한국전자인증,Y
1929,IT서비스,063570,한국전자금융,Y
1930,IT서비스,052600,한네트,Y
1931,IT서비스,050960,수산아이앤티,Y
1932,IT서비스,093320,케이아이엔엑스,Y
1933,IT서비스,046110,한일네트웍스,Y
1934,IT서비스,066980,브레인콘텐츠,Y
1935,IT서비스,030790,비케이탑스,N
1936,IT서비스,115310,인포바인,Y
1937,IT서비스,067730,로지시스,Y
1938,IT서비스,045510,정원엔시스,Y
1939,IT서비스,118000,우리들휴브레인,N
1940,IT서비스,242040,나무기술,Y
1941,IT서비스,263800,데이타솔루션,Y
1942,IT서비스,038160,팍스넷,Y
1943,IT서비스,070590,한솔인티큐브,Y
1944,IT서비스,054220,비츠로시스,Y
1945,IT서비스,169330,마크로밀엠브레인,Y
1946,IT서비스,053300,한국정보인증,Y
1947,IT서비스,065440,이루온,Y
1948,IT서비스,115500,케이씨에스,Y
1949,IT서비스,038540,상상인,Y
1950,IT서비스,012030,DB,N
1951,IT서비스,045390,대아티아이,Y
1952,IT서비스,066410,버킷스튜디오,Y
1953,IT서비스,018260,삼성에스디에스,N
1954,IT서비스,069410,엔텔스,Y
1955,IT서비스,049480,오픈베이스,Y
1956,IT서비스,214180,민앤지,Y
1957,IT서비스,035510,신세계 I&C,N
1958,IT서비스,046440,KG모빌리언스,Y
1959,IT서비스,007120,미래아이앤지,N
1960,IT서비스,234300,에스트래픽,Y
1961,IT서비스,035600,KG이니시스,Y
1962,IT서비스,042000,카페24,Y
1963,IT서비스,010280,쌍용정보통신,Y
1964,IT서비스,022100,포스코 ICT,Y
1965,IT서비스,072770,율호,Y
1966,IT서비스,065370,위세아이텍,Y
1967,IT서비스,072130,유엔젤,N
1968,IT서비스,304100,솔트룩스,Y
1969,IT서비스,234340,세틀뱅크,Y
1970,IT서비스,213090,미래테크놀로지,Y
1971,IT서비스,023590,다우기술,N
1972,IT서비스,307950,현대오토에버,N
1973,IT서비스,039290,인포뱅크,Y
1974,"호텔,레스토랑,레저",031440,신세계푸드,N
1975,"호텔,레스토랑,레저",220630,해마로푸드서비스,Y
1976,"호텔,레스토랑,레저",084680,이월드,N
1977,"호텔,레스토랑,레저",039310,세중,Y
1978,"호텔,레스토랑,레저",217620,디딤,Y
1979,"호텔,레스토랑,레저",020710,시공테크,Y
1980,"호텔,레스토랑,레저",039130,하나투어,N
1981,"호텔,레스토랑,레저",111710,남화산업,Y
1982,"호텔,레스토랑,레저",035250,강원랜드,N
1983,"호텔,레스토랑,레저",065150,MP그룹,Y
1984,"호텔,레스토랑,레저",008775,호텔신라우,N
1985,"호텔,레스토랑,레저",094850,참좋은여행,Y
1986,"호텔,레스토랑,레저",070960,용평리조트,N
1987,"호텔,레스토랑,레저",080160,모두투어,Y
1988,"호텔,레스토랑,레저",025980,아난티,Y
1989,"호텔,레스토랑,레저",104620,노랑풍선,Y
1990,"호텔,레스토랑,레저",032350,롯데관광개발,N
1991,"호텔,레스토랑,레저",114090,GKL,N
1992,"호텔,레스토랑,레저",006730,서부T&D,Y
1993,"호텔,레스토랑,레저",008770,호텔신라,N
1994,"호텔,레스토랑,레저",034230,파라다이스,Y
1995,건축자재,109610,에스와이,Y
1996,건축자재,000910,유니온,N
1997,건축자재,003415,쌍용양회우,N
1998,건축자재,001520,동양,N
1999,건축자재,090355,노루페인트우,N
2000,건축자재,108670,LG하우시스,N
2001,건축자재,183190,아세아시멘트,N
2002,건축자재,001525,동양우,N
2003,건축자재,006920,모헨즈,Y
2004,건축자재,038500,삼표시멘트,Y
2005,건축자재,000860,강남제비스코,N
2006,건축자재,108675,LG하우시스우,N
2007,건축자재,023410,유진기업,Y
2008,건축자재,228340,동양파일,Y
2009,건축자재,004980,성신양회,N
2010,건축자재,171120,라이온켐텍,Y
2011,건축자재,255220,SG,Y
2012,건축자재,004985,성신양회우,N
2013,건축자재,004910,조광페인트,N
2014,건축자재,006390,한일현대시멘트,N
2015,건축자재,198440,고려시멘트,Y
2016,건축자재,003580,넥스트사이언스,N
2017,건축자재,226360,이엑스티,Y
2018,건축자재,090350,노루페인트,N
2019,건축자재,051980,센트럴바이오,Y
2020,건축자재,079650,서산,Y
2021,건축자재,344820,케이씨씨글라스,N
2022,건축자재,300720,한일시멘트,N
2023,건축자재,000325,노루홀딩스우,N
2024,건축자재,011390,부산산업,N
2025,건축자재,000390,삼화페인트,N
2026,건축자재,007210,벽산,N
2027,건축자재,060560,홈센타홀딩스,Y
2028,건축자재,001527,동양2우B,N
2029,건축자재,003300,한일홀딩스,N
2030,건축자재,007110,일신석재,N
2031,건축자재,000320,노루홀딩스,N
2032,건축자재,025900,동화기업,Y
2033,건축자재,001529,동양3우B,N
2034,건축자재,008250,이건산업,N
2035,건축자재,004440,삼일씨엔에스,N
2036,건축자재,002380,KCC,N
2037,건축자재,025750,한솔홈데코,N
2038,건축자재,003410,쌍용양회,N
2039,건축자재,225530,보광산업,Y
2040,판매업체,013000,세우글로벌,N
2041,판매업체,015540,쎌마테라퓨틱스,N
2042,판매업체,063170,서울옥션,Y
2043,판매업체,051390,YW,Y
2044,판매업체,060280,큐렉소,Y
2045,판매업체,058530,슈펙스비앤피,Y
2046,판매업체,950160,코오롱티슈진,Y
2047,판매업체,007720,대명소노시즌,Y
2048,출판,207760,미스터블루,Y
2049,출판,033130,디지틀조선,Y
2050,출판,039670,한류타임즈,Y
2051,출판,263720,디앤씨미디어,Y
2052,출판,127710,아시아경제,Y
2053,전문소매,115480,씨유메디칼,Y
2054,전문소매,067990,도이치모터스,Y
2055,전문소매,056730,포스링크,Y
2056,전문소매,071840,롯데하이마트,N
2057,가스유틸리티,053050,지에스이,Y
2058,가스유틸리티,003480,한진중공업홀딩스,N
2059,가스유틸리티,034590,인천도시가스,N
2060,가스유틸리티,004690,삼천리,N
2061,가스유틸리티,117580,대성에너지,N
2062,가스유틸리티,018670,SK가스,N
2063,가스유틸리티,015360,예스코홀딩스,N
2064,가스유틸리티,017390,서울가스,N
2065,가스유틸리티,036460,한국가스공사,N
2066,가스유틸리티,017940,E1,N
2067,가스유틸리티,015350,부산가스,N
2068,가스유틸리티,016710,대성홀딩스,N
2069,가스유틸리티,267290,경동도시가스,N
2070,건축제품,022220,정산애강,Y
2071,건축제품,192390,윈하이텍,Y
2072,건축제품,014280,금강공업,N
2073,건축제품,006050,국영지앤엠,Y
2074,건축제품,035200,프럼파스트,Y
2075,건축제품,018310,삼목에스폼,Y
2076,건축제품,090410,덕신하우징,Y
2077,건축제품,038010,제일테크노스,Y
2078,건축제품,079000,와토스코리아,Y
2079,건축제품,005750,대림B&Co,N
2080,건축제품,008350,남선알미늄,N
2081,건축제품,039020,이건홀딩스,Y
2082,건축제품,014285,금강공업우,N
2083,건축제품,060260,뉴보텍,Y
2084,건축제품,058730,다스코,N
2085,건축제품,006570,대림통상,N
2086,건축제품,052300,W홀딩컴퍼니,Y
2087,건축제품,008355,남선알미우,N
2088,포장재,002870,신풍제지,N
2089,포장재,002310,아세아제지,N
2090,포장재,004780,대륙제관,Y
2091,포장재,014970,삼륭물산,Y
2092,포장재,014160,대영포장,N
2093,포장재,115390,락앤락,N
2094,포장재,037230,한국팩키지,Y
2095,포장재,004450,삼화왕관,N
2096,포장재,002200,한국수출포장,N
2097,포장재,023600,삼보판지,Y
2098,포장재,006580,대양제지,Y
2099,포장재,017650,대림제지,Y
2100,포장재,272550,삼양패키징,N
2101,포장재,014825,동원시스템즈우,N
2102,포장재,011280,태림포장,N
2103,포장재,008870,금비,N
2104,포장재,251970,펌텍코리아,Y
2105,포장재,016590,신대양제지,N
2106,포장재,027970,세하,N
2107,포장재,049830,승일,Y
2108,포장재,009460,한창제지,N
2109,포장재,002030,아세아,N
2110,포장재,005820,원림,N
2111,포장재,008730,율촌화학,N
2112,포장재,115960,연우,Y
2113,포장재,014820,동원시스템즈,N
2114,포장재,033310,엠투엔,Y
2115,포장재,005090,삼광글라스,N
2116,가정용품,225430,케이엠제약,Y
2117,가정용품,012690,모나리자,N
2118,가정용품,044480,경남바이오파마,Y
2119,가정용품,318410,비비씨,Y
2120,가정용품,009770,삼정펄프,N
2121,가정용품,053620,태양,Y
2122,가정용품,014100,메디앙스,Y
2123,전기유틸리티,052690,한전기술,N
2124,전기유틸리티,130660,한전산업,N
2125,전기유틸리티,051600,한전KPS,N
2126,전기유틸리티,015760,한국전력,N
2127,광고,030000,제일기획,N
2128,광고,273060,와이즈버즈,Y
2129,광고,035000,지투알,N
2130,광고,010470,오리콤,Y
2131,광고,123570,이엠넷,Y
2132,광고,214320,이노션,N
2133,광고,237820,플레이디,Y
2134,광고,089600,나스미디어,Y
2135,광고,230360,에코마케팅,Y
2136,광고,048550,SM C&C,Y
2137,광고,216050,인크로스,Y
2138,담배,033780,KT&G,N
2139,기타금융,021880,메이슨캐피탈,Y
2140,기타금융,010050,우리종금,N
2141,기타금융,033660,아주캐피탈,N
2142,기타금융,007330,푸른저축은행,Y
2143,기타금융,204620,글로벌텍스프리,Y
2144,기타금융,012700,리드코프,Y
2145,기타금융,023760,한국캐피탈,Y
2146,기타금융,023460,CNH,Y
2147,무선통신서비스,001000,신라섬유,Y
2148,무선통신서비스,065530,전파기지국,Y
2149,무선통신서비스,017670,SK텔레콤,N
2150,무선통신서비스,032640,LG유플러스,N
2151,카드,029780,삼성카드,N
2152,항공사,036000,예림당,Y
2153,항공사,003490,대한항공,N
2154,항공사,020560,아시아나항공,N
2155,항공사,298690,에어부산,N
2156,항공사,004870,티웨이홀딩스,N
2157,항공사,089590,제주항공,N
2158,항공사,091810,티웨이항공,N
2159,항공사,003495,대한항공우,N
2160,항공사,180640,한진칼,N
2161,항공사,18064K,한진칼우,N
2162,항공사,272450,진에어,N
2163,운송인프라,003100,선광,Y
2164,운송인프라,045340,토탈소프트,Y
2165,운송인프라,005430,한국공항,N
2166,운송인프라,088980,맥쿼리인프라,N
2167,손해보험,000545,흥국화재우,N
2168,손해보험,000370,한화손해보험,N
2169,손해보험,001450,현대해상,N
2170,손해보험,000540,흥국화재,N
2171,손해보험,005830,DB손해보험,N
2172,손해보험,000547,흥국화재2우B,N
2173,손해보험,000060,메리츠화재,N
2174,손해보험,000815,삼성화재우,N
2175,손해보험,003690,코리안리,N
2176,손해보험,000400,롯데손해보험,N
2177,손해보험,000810,삼성화재,N
2178,손해보험,138040,메리츠금융지주,N
2179,복합기업,003550,LG,N
2180,복합기업,003555,LG우,N
2181,복합기업,001045,CJ우,N
2182,복합기업,028260,삼성물산,N
2183,복합기업,016880,웅진,N
2184,복합기업,004800,효성,N
2185,복합기업,02826K,삼성물산우B,N
2186,복합기업,001040,CJ,N
2187,복합기업,00104K,CJ4우(전환),N
2188,복합기업,034730,SK,N
2189,복합기업,03473K,SK우,N
2190,복합기업,000157,두산2우B,N
2191,복합기업,000155,두산우,N
2192,복합기업,000150,두산,N
2193,복합기업,001740,SK네트웍스,N
2194,복합기업,001745,SK네트웍스우,N
2195,생명보험,085620,미래에셋생명,N
2196,생명보험,082640,동양생명,N
2197,생명보험,088350,한화생명,N
2198,생명보험,032830,삼성생명,N
2199,생명보험,000880,한화,N
2200,생명보험,00088K,한화3우B,N
2201,생명보험,000885,한화우,N
2202,복합유틸리티,071320,지역난방공사,N
2203,복합유틸리티,151860,KG ETS,Y
2204,건강관리기술,035610,솔본,Y
2205,건강관리기술,032850,비트컴퓨터,Y
2206,건강관리기술,322510,제이엘케이,Y
2207,건강관리기술,071200,인피니트헬스케어,Y
2208,건강관리기술,032620,유비케어,Y
2209,건강관리기술,099750,이지케어텍,Y
2210,건강관리기술,263700,케어랩스,Y
2211,건강관리기술,311690,천랩,Y
2212,종이와목재,001810,무림SP,Y
2213,종이와목재,036620,버추얼텍,Y
2214,종이와목재,009580,무림P&P,N
2215,종이와목재,010420,한솔PNS,N
2216,종이와목재,001020,페이퍼코리아,N
2217,종이와목재,009200,무림페이퍼,N
2218,종이와목재,000180,성창기업지주,N
2219,종이와목재,109070,컨버즈,N
2220,종이와목재,213500,한솔제지,N
2221,종이와목재,002820,선창산업,N
2222,종이와목재,004150,한솔홀딩스,N
2223,종이와목재,006740,영풍제지,N
2224,종이와목재,004540,깨끗한나라,N
2225,종이와목재,004545,깨끗한나라우,N
2226,종이와목재,078130,국일제지,Y
2227,전자장비와기기,016920,카스,Y
2228,전자장비와기기,096040,이트론,Y
2229,전자장비와기기,187220,디티앤씨,Y
2230,전자장비와기기,007660,이수페타시스,N
2231,전자장비와기기,347890,엠투아이,Y
2232,전자장비와기기,038460,바이오스마트,Y
2233,전자장비와기기,004770,써니전자,N
2234,전자장비와기기,053450,세코닉스,Y
2235,전자장비와기기,101390,아이엠,Y
2236,전자장비와기기,066900,디에이피,Y
2237,전자장비와기기,072990,에이치시티,Y
2238,전자장비와기기,004270,남성,N
2239,전자장비와기기,068240,다원시스,Y
2240,전자장비와기기,082210,옵트론텍,Y
2241,전자장비와기기,036710,심텍홀딩스,Y
2242,전자장비와기기,125210,아모그린텍,Y
2243,전자장비와기기,140860,파크시스템스,Y
2244,전자장비와기기,222800,심텍,Y
2245,전자장비와기기,033200,모아텍,Y
2246,전자장비와기기,317770,슈프리마아이디,Y
2247,전자장비와기기,020150,일진머티리얼즈,N
2248,전자장비와기기,204270,제이앤티씨,Y
2249,전자장비와기기,051370,인터플렉스,Y
2250,전자장비와기기,046310,백금T&A,Y
2251,전자장비와기기,008110,대동전자,N
2252,전자장비와기기,264850,이랜시스,Y
2253,전자장비와기기,009150,삼성전기,N
2254,전자장비와기기,007815,코리아써우,N
2255,전자장비와기기,098460,고영,Y
2256,전자장비와기기,225190,삼양옵틱스,Y
2257,전자장비와기기,121800,비덴트,Y
2258,전자장비와기기,017900,광전자,N
2259,전자장비와기기,262260,에이프로,Y
2260,전자장비와기기,084850,아이티엠반도체,Y
2261,전자장비와기기,007810,코리아써키트,N
2262,전자장비와기기,009155,삼성전기우,N
2263,전자장비와기기,011070,LG이노텍,N
2264,전자장비와기기,251370,와이엠티,Y
2265,전자장비와기기,203450,유니온커뮤니티,Y
2266,전자장비와기기,093520,매커스,Y
2267,전자장비와기기,336370,두산솔루스,N
2268,전자장비와기기,052020,에스티큐브,Y
2269,전자장비와기기,015260,에이엔피,N
2270,전자장비와기기,033110,코너스톤네트웍스,Y
2271,전자장비와기기,115530,씨엔플러스,Y
2272,전자장비와기기,032960,동일기연,Y
2273,전자장비와기기,121890,에스디시스템,Y
2274,전자장비와기기,011230,삼화전자,N
2275,전자장비와기기,090460,비에이치,Y
2276,전자장비와기기,031330,에스에이엠티,Y
2277,전자장비와기기,052330,코텍,Y
2278,전자장비와기기,008060,대덕,N
2279,전자장비와기기,052400,코나아이,Y
2280,전자장비와기기,050320,아래스,Y
2281,전자장비와기기,33637K,두산솔루스1우,N
2282,전자장비와기기,353200,대덕전자,N
2283,전자장비와기기,33637L,두산솔루스2우B,N
2284,전자장비와기기,35320K,대덕전자1우,N
2285,전자장비와기기,099520,ITX-AI,Y
2286,전자장비와기기,054800,아이디스홀딩스,Y
2287,전자장비와기기,091340,S&K폴리텍,Y
2288,전자장비와기기,069510,에스텍,Y
2289,전자장비와기기,078600,대주전자재료,Y
2290,전자장비와기기,263810,상신전자,Y
2291,전자장비와기기,017250,인터엠,Y
2292,전자장비와기기,320000,윈텍,Y
2293,전자장비와기기,272290,이녹스첨단소재,Y
2294,전자장비와기기,085670,뉴프렉스,Y
2295,전자장비와기기,143160,아이디스,Y
2296,전자장비와기기,094840,슈프리마에이치큐,Y
2297,전자장비와기기,092300,현우산업,Y
2298,전자장비와기기,131400,액트,Y
2299,전자장비와기기,00781K,코리아써키트2우B,N
2300,전자장비와기기,080420,모다이노칩,Y
2301,전자장비와기기,057540,옴니시스템,Y
2302,전자장비와기기,236200,슈프리마,Y
2303,전자장비와기기,300120,라온피플,Y
2304,전자장비와기기,083640,인콘,Y
2305,전자장비와기기,033240,자화전자,N
2306,전자장비와기기,060230,이그잭스,Y
2307,전자장비와기기,250060,모비스,Y
2308,전자장비와기기,00806K,대덕1우,N
2309,전자장비와기기,068940,아이씨케이,Y
2310,전자장비와기기,032820,우리기술,Y
2311,전자장비와기기,033320,제이씨현시스템,Y
2312,백화점과일반상점,067830,세이브존I&C,N
2313,백화점과일반상점,950170,JTC,Y
2314,백화점과일반상점,139480,이마트,N
2315,백화점과일반상점,027410,BGF,N
2316,백화점과일반상점,006370,대구백화점,N
2317,백화점과일반상점,019010,베뉴지,Y
2318,백화점과일반상점,007070,GS리테일,N
2319,백화점과일반상점,069960,현대백화점,N
2320,백화점과일반상점,282330,BGF리테일,N
2321,백화점과일반상점,023530,롯데쇼핑,N
2322,백화점과일반상점,004170,신세계,N
2323,백화점과일반상점,037710,광주신세계,N
2324,디스플레이장비및부품,238490,힘스,Y
2325,디스플레이장비및부품,037400,우리조명,Y
2326,디스플레이장비및부품,092190,서울바이오시스,Y
2327,디스플레이장비및부품,083930,아바코,Y
2328,디스플레이장비및부품,033050,제이엠아이,Y
2329,디스플레이장비및부품,226440,한송네오텍,Y
2330,디스플레이장비및부품,037330,인지디스플레,Y
2331,디스플레이장비및부품,052420,오성첨단소재,Y
2332,디스플레이장비및부품,170920,엘티씨,Y
2333,디스플레이장비및부품,079810,디이엔티,Y
2334,디스플레이장비및부품,347770,핌스,Y
2335,디스플레이장비및부품,214310,세미콘라이트,Y
2336,디스플레이장비및부품,108320,실리콘웍스,Y
2337,디스플레이장비및부품,138690,엘아이에스,Y
2338,디스플레이장비및부품,161580,필옵틱스,Y
2339,디스플레이장비및부품,065130,탑엔지니어링,Y
2340,디스플레이장비및부품,088130,동아엘텍,Y
2341,디스플레이장비및부품,131760,파인텍,Y
2342,디스플레이장비및부품,153490,우리이앤엘,Y
2343,디스플레이장비및부품,317330,덕산테코피아,Y
2344,디스플레이장비및부품,079950,인베니아,Y
2345,디스플레이장비및부품,046890,서울반도체,Y
2346,디스플레이장비및부품,090470,제이스텍,Y
2347,디스플레이장비및부품,117730,티로보틱스,Y
2348,디스플레이장비및부품,078150,HB테크놀러지,Y
2349,디스플레이장비및부품,251630,브이원텍,Y
2350,디스플레이장비및부품,062860,티엘아이,Y
2351,디스플레이장비및부품,141000,비아트론,Y
2352,디스플레이장비및부품,004710,한솔테크닉스,N
2353,디스플레이장비및부품,272110,케이엔제이,Y
2354,디스플레이장비및부품,050090,휘닉스소재,Y
2355,디스플레이장비및부품,256940,케이피에스,Y
2356,디스플레이장비및부품,250930,예선테크,Y
2357,디스플레이장비및부품,110990,디아이티,Y
2358,디스플레이장비및부품,051360,토비스,Y
2359,디스플레이장비및부품,001210,금호전기,N
2360,디스플레이장비및부품,009310,참엔지니어링,N
2361,디스플레이장비및부품,109740,디에스케이,Y
2362,디스플레이장비및부품,121850,코이즈,Y
2363,디스플레이장비및부품,036170,라이브파이낸셜,Y
2364,디스플레이장비및부품,255440,야스,Y
2365,디스플레이장비및부품,136510,쎄미시스코,Y
2366,디스플레이장비및부품,143540,영우디에스피,Y
2367,디스플레이장비및부품,040910,아이씨디,Y
2368,디스플레이장비및부품,171090,선익시스템,Y
2369,디스플레이장비및부품,278280,천보,Y
2370,디스플레이장비및부품,149950,아바텍,Y
2371,디스플레이장비및부품,083500,에프엔에스테크,Y
2372,디스플레이장비및부품,038060,루멘스,Y
2373,디스플레이장비및부품,137940,넥스트아이,Y
2374,디스플레이장비및부품,039230,에이아이비트,Y
2375,디스플레이장비및부품,160600,이큐셀,Y
2376,디스플레이장비및부품,054090,삼진엘앤디,Y
2377,디스플레이장비및부품,187870,디바이스이엔지,Y
2378,디스플레이장비및부품,213420,덕산네오룩스,Y
2379,디스플레이장비및부품,043290,케이맥,Y
2380,디스플레이장비및부품,256630,포인트엔지니어링,Y
2381,디스플레이장비및부품,265520,AP시스템,Y
2382,디스플레이장비및부품,297890,엘이티,Y
2383,디스플레이장비및부품,011690,유양디앤유,N
2384,디스플레이장비및부품,127160,매직마이크로,Y
2385,디스플레이장비및부품,069330,유아이디,Y
2386,디스플레이장비및부품,114570,지스마트글로벌,Y
2387,디스플레이장비및부품,036490,SK머티리얼즈,Y
2388,디스플레이장비및부품,177350,베셀,Y
2389,디스플레이장비및부품,082850,우리바이오,Y
2390,디스플레이장비및부품,054040,한국컴퓨터,Y
2391,디스플레이장비및부품,036090,위지트,Y
2392,디스플레이장비및부품,054620,APS홀딩스,Y
2393,디스플레이장비및부품,123860,아나패스,Y
2394,디스플레이장비및부품,307180,아이엘사이언스,Y
2395,디스플레이장비및부품,041520,이라이콤,Y
2396,디스플레이장비및부품,063760,이엘피,Y
2397,디스플레이장비및부품,095500,미래나노텍,Y
2398,디스플레이장비및부품,067770,세진티에스,Y
2399,디스플레이장비및부품,049120,파인디앤씨,Y
2400,디스플레이장비및부품,027580,상보,Y
2401,디스플레이장비및부품,290520,신도기연,Y
2402,디스플레이장비및부품,056700,신화인터텍,Y
2403,디스플레이장비및부품,049950,미래컴퍼니,Y
2404,디스플레이장비및부품,900290,GRT,Y
2405,디스플레이장비및부품,090740,아이엠이연이,Y
2406,디스플레이장비및부품,094970,제이엠티,Y
2407,디스플레이장비및부품,096870,엘디티,Y
2408,디스플레이장비및부품,080000,에스엔유,Y
2409,디스플레이장비및부품,059100,아이컴포넌트,Y
2410,디스플레이장비및부품,042600,새로닉스,Y
2411,디스플레이장비및부품,108230,톱텍,Y
2412,디스플레이장비및부품,068790,DMS,Y
2413,디스플레이장비및부품,155650,와이엠씨,Y
2414,디스플레이장비및부품,073110,엘엠에스,Y
2415,디스플레이장비및부품,045890,GV,Y
2416,디스플레이장비및부품,071280,로체시스템즈,Y
2417,디스플레이장비및부품,082800,루미마이크로,Y
2418,가구,009240,한샘,N
2419,가구,071950,코아스,N
2420,가구,011090,에넥스,N
2421,가구,016800,퍼시스,N
2422,가구,134790,시디즈,N
2423,가구,079430,현대리바트,N
2424,가구,073190,듀오백,Y
2425,가구,013890,지누스,N
2426,가구,003800,에이스침대,Y
2427,교육서비스,134060,이퓨쳐,Y
2428,교육서비스,068930,디지털대성,Y
2429,교육서비스,100220,비상교육,N
2430,교육서비스,057030,YBM넷,Y
2431,교육서비스,095720,웅진씽크빅,N
2432,교육서비스,215200,메가스터디교육,Y
2433,교육서비스,053290,NE능률,Y
2434,교육서비스,072870,메가스터디,Y
2435,교육서비스,019685,대교우B,N
2436,교육서비스,019680,대교,N
2437,교육서비스,067280,멀티캠퍼스,Y
2438,교육서비스,038340,UCI,Y
2439,교육서비스,040420,정상제이엘에스,Y
2440,교육서비스,289010,아이스크림에듀,Y
2441,교육서비스,133750,메가엠디,Y
2442,교육서비스,035290,더블유에프엠,Y
2443,교육서비스,215100,로보로보,Y
2444,교육서비스,108490,로보티즈,Y
2445,교육서비스,225330,씨엠에스에듀,Y
2446,교육서비스,096240,청담러닝,Y
2447,반도체와반도체장비,267320,나인테크,Y
2448,반도체와반도체장비,227950,마이크로텍,Y
2449,반도체와반도체장비,079370,제우스,Y
2450,반도체와반도체장비,089790,제이티,Y
2451,반도체와반도체장비,049080,기가레인,Y
2452,반도체와반도체장비,114810,아이원스,Y
2453,반도체와반도체장비,241790,오션브릿지,Y
2454,반도체와반도체장비,036810,에프에스티,Y
2455,반도체와반도체장비,064290,인텍플러스,Y
2456,반도체와반도체장비,101490,에스앤에스텍,Y
2457,반도체와반도체장비,030530,원익홀딩스,Y
2458,반도체와반도체장비,084370,유진테크,Y
2459,반도체와반도체장비,086390,유니테스트,Y
2460,반도체와반도체장비,122640,예스티,Y
2461,반도체와반도체장비,025560,미래산업,N
2462,반도체와반도체장비,217500,러셀,Y
2463,반도체와반도체장비,095610,테스,Y
2464,반도체와반도체장비,077360,덕산하이메탈,Y
2465,반도체와반도체장비,083550,케이엠,Y
2466,반도체와반도체장비,074600,원익QnC,Y
2467,반도체와반도체장비,073570,WI,Y
2468,반도체와반도체장비,080520,오디텍,Y
2469,반도체와반도체장비,045300,성우테크론,Y
2470,반도체와반도체장비,037350,성도이엔지,Y
2471,반도체와반도체장비,182690,테라셈,Y
2472,반도체와반도체장비,033640,네패스,Y
2473,반도체와반도체장비,144960,뉴파워프라즈마,Y
2474,반도체와반도체장비,232140,와이아이케이,Y
2475,반도체와반도체장비,080580,오킨스전자,Y
2476,반도체와반도체장비,241770,메카로,Y
2477,반도체와반도체장비,039440,에스티아이,Y
2478,반도체와반도체장비,200710,에이디테크놀로지,Y
2479,반도체와반도체장비,024850,피에스엠씨,Y
2480,반도체와반도체장비,131970,테스나,Y
2481,반도체와반도체장비,093640,다믈멀티미디어,Y
2482,반도체와반도체장비,098120,마이크로컨텍솔,Y
2483,반도체와반도체장비,006200,한국전자홀딩스,N
2484,반도체와반도체장비,097800,윈팩,Y
2485,반도체와반도체장비,171010,램테크놀러지,Y
2486,반도체와반도체장비,131290,티에스이,Y
2487,반도체와반도체장비,032580,피델릭스,Y
2488,반도체와반도체장비,064760,티씨케이,Y
2489,반도체와반도체장비,005290,동진쎄미켐,Y
2490,반도체와반도체장비,101160,월덱스,Y
2491,반도체와반도체장비,058470,리노공업,Y
2492,반도체와반도체장비,200470,에이팩트,Y
2493,반도체와반도체장비,059120,아진엑스텍,Y
2494,반도체와반도체장비,123010,아이에이네트웍스,Y
2495,반도체와반도체장비,057500,SKC 솔믹스,Y
2496,반도체와반도체장비,095340,ISC,Y
2497,반도체와반도체장비,217190,제너셈,Y
2498,반도체와반도체장비,082270,젬백스,Y
2499,반도체와반도체장비,166090,하나머티리얼즈,Y
2500,반도체와반도체장비,005935,삼성전자우,N
2501,반도체와반도체장비,078350,한양디지텍,Y
2502,반도체와반도체장비,089530,에이티세미콘,Y
2503,반도체와반도체장비,029460,케이씨,N
2504,반도체와반도체장비,303030,지니틱스,Y
2505,반도체와반도체장비,087600,픽셀플러스,Y
2506,반도체와반도체장비,117670,알파홀딩스,Y
2507,반도체와반도체장비,003160,디아이,N
2508,반도체와반도체장비,005930,삼성전자,N
2509,반도체와반도체장비,102120,어보브반도체,Y
2510,반도체와반도체장비,224060,코디엠,Y
2511,반도체와반도체장비,033170,시그네틱스,Y
2512,반도체와반도체장비,142210,유니트론텍,Y
2513,반도체와반도체장비,101400,엔시트론,Y
2514,반도체와반도체장비,264660,씨앤지하이테크,Y
2515,반도체와반도체장비,319660,피에스케이,Y
2516,반도체와반도체장비,031980,피에스케이홀딩스,Y
2517,반도체와반도체장비,036930,주성엔지니어링,Y
2518,반도체와반도체장비,080220,제주반도체,Y
2519,반도체와반도체장비,357780,솔브레인,Y
2520,반도체와반도체장비,000990,DB하이텍,N
2521,반도체와반도체장비,036540,SFA반도체,Y
2522,반도체와반도체장비,039030,이오테크닉스,Y
2523,반도체와반도체장비,052900,KMH하이텍,Y
2524,반도체와반도체장비,053610,프로텍,Y
2525,반도체와반도체장비,061970,엘비세미콘,Y
2526,반도체와반도체장비,064520,바른전자,Y
2527,반도체와반도체장비,066310,큐에스아이,Y
2528,반도체와반도체장비,083310,엘오티베큠,Y
2529,반도체와반도체장비,083450,GST,Y
2530,반도체와반도체장비,087730,에스모 머티리얼즈,Y
2531,반도체와반도체장비,089030,테크윙,Y
2532,반도체와반도체장비,160980,싸이맥스,Y
2533,반도체와반도체장비,000660,SK하이닉스,N
2534,반도체와반도체장비,240810,원익IPS,Y
2535,반도체와반도체장비,306620,네온테크,Y
2536,반도체와반도체장비,036830,솔브레인홀딩스,Y
2537,반도체와반도체장비,281820,케이씨텍,N
2538,반도체와반도체장비,036200,유니셈,Y
2539,반도체와반도체장비,092070,디엔에프,Y
2540,반도체와반도체장비,067310,하나마이크론,Y
2541,반도체와반도체장비,042700,한미반도체,N
2542,반도체와반도체장비,033160,엠케이전자,Y
2543,반도체와반도체장비,140070,서플러스글로벌,Y
2544,반도체와반도체장비,089890,코세스,Y
2545,반도체와반도체장비,089970,에이피티씨,Y
2546,반도체와반도체장비,269620,시스웍,Y
2547,반도체와반도체장비,195870,해성디에스,N
2548,반도체와반도체장비,183300,코미코,Y
2549,반도체와반도체장비,094360,칩스앤미디어,Y
2550,반도체와반도체장비,092220,KEC,N
2551,반도체와반도체장비,092870,엑시콘,Y
2552,반도체와반도체장비,147760,마이크로프랜드,Y
2553,반도체와반도체장비,054940,엑사이엔씨,Y
2554,반도체와반도체장비,253590,네오셈,Y
2555,반도체와반도체장비,219130,타이거일렉,Y
2556,반도체와반도체장비,077500,유니퀘스트,N
2557,반도체와반도체장비,054450,텔레칩스,Y
2558,반도체와반도체장비,092600,앤씨앤,Y
2559,반도체와반도체장비,011930,신성이엔지,N
2560,반도체와반도체장비,059090,미코,Y
2561,반도체와반도체장비,119830,아이텍,Y
2562,반도체와반도체장비,000995,DB하이텍1우,N
2563,컴퓨터와주변기기,096690,에이루트,Y
2564,컴퓨터와주변기기,043360,디지아이,Y
2565,컴퓨터와주변기기,045660,에이텍,Y
2566,컴퓨터와주변기기,224110,에이텍티앤,Y
2567,컴퓨터와주변기기,065690,파커스,Y
2568,컴퓨터와주변기기,093190,빅솔론,Y
2569,컴퓨터와주변기기,039740,한국정보공학,Y
2570,컴퓨터와주변기기,065650,메디프론,Y
2571,컴퓨터와주변기기,051380,피씨디렉트,Y
2572,컴퓨터와주변기기,049550,잉크테크,Y
2573,컴퓨터와주변기기,044380,주연테크,N
2574,컴퓨터와주변기기,032790,엠젠플러스,Y
2575,컴퓨터와주변기기,012600,센트럴인사이트,N
2576,컴퓨터와주변기기,066110,한프,Y
2577,컴퓨터와주변기기,332370,아이디피,Y
2578,컴퓨터와주변기기,004920,씨아이테크,N
2579,컴퓨터와주변기기,094940,푸른기술,Y
2580,컴퓨터와주변기기,089150,케이씨티,Y
2581,컴퓨터와주변기기,046970,우리로,Y
2582,컴퓨터와주변기기,131180,딜리,Y
2583,방송과엔터테인먼트,078860,아이오케이,Y
2584,방송과엔터테인먼트,299900,위지윅스튜디오,Y
2585,방송과엔터테인먼트,032800,판타지오,Y
2586,방송과엔터테인먼트,206560,덱스터,Y
2587,방송과엔터테인먼트,104200,NHN벅스,Y
2588,방송과엔터테인먼트,034120,SBS,N
2589,방송과엔터테인먼트,018700,바른손,Y
2590,방송과엔터테인먼트,052220,iMBC,Y
2591,방송과엔터테인먼트,035900,JYP Ent.,Y
2592,방송과엔터테인먼트,126560,현대에이치씨엔,N
2593,방송과엔터테인먼트,122450,KMH,Y
2594,방송과엔터테인먼트,053110,소리바다,Y
2595,방송과엔터테인먼트,204630,스튜디오산타클로스,Y
2596,방송과엔터테인먼트,037560,LG헬로비전,N
2597,방송과엔터테인먼트,035620,바른손이앤에이,Y
2598,방송과엔터테인먼트,053210,스카이라이프,N
2599,방송과엔터테인먼트,086980,쇼박스,Y
2600,방송과엔터테인먼트,052190,이에스에이,Y
2601,방송과엔터테인먼트,060300,레드로버,Y
2602,방송과엔터테인먼트,058400,KNN,Y
2603,방송과엔터테인먼트,253450,스튜디오드래곤,Y
2604,방송과엔터테인먼트,066790,씨씨에스,Y
2605,방송과엔터테인먼트,036260,이매진아시아,Y
2606,방송과엔터테인먼트,009810,엔케이물산,N
2607,방송과엔터테인먼트,002420,세기상사,N
2608,방송과엔터테인먼트,012170,키위미디어그룹,N
2609,방송과엔터테인먼트,011420,갤럭시아에스엠,N
2610,방송과엔터테인먼트,041510,에스엠,Y
2611,방송과엔터테인먼트,051780,큐로홀딩스,Y
2612,방송과엔터테인먼트,160550,NEW,Y
2613,방송과엔터테인먼트,101060,SBS미디어홀딩스,N
2614,방송과엔터테인먼트,048910,대원미디어,Y
2615,방송과엔터테인먼트,015020,이스타코,N
2616,방송과엔터테인먼트,173940,에프엔씨엔터,Y
2617,방송과엔터테인먼트,079160,CJ CGV,N
2618,방송과엔터테인먼트,046390,삼화네트웍스,Y
2619,방송과엔터테인먼트,063440,SM Life Design,Y
2620,방송과엔터테인먼트,033830,티비씨,Y
2621,방송과엔터테인먼트,122870,와이지엔터테인먼트,Y
2622,방송과엔터테인먼트,036420,제이콘텐트리,N
2623,방송과엔터테인먼트,039340,한국경제TV,Y
2624,방송과엔터테인먼트,054780,키이스트,Y
2625,방송과엔터테인먼트,003560,IHQ,N
2626,방송과엔터테인먼트,046140,SBS콘텐츠허브,Y
2627,방송과엔터테인먼트,310200,애니플러스,Y
2628,방송과엔터테인먼트,043610,지니뮤직,Y
2629,방송과엔터테인먼트,182360,큐브엔터,Y
2630,방송과엔터테인먼트,068050,팬엔터테인먼트,Y
2631,방송과엔터테인먼트,035760,CJ ENM,Y
2632,방송과엔터테인먼트,241840,에이스토리,Y
2633,방송과엔터테인먼트,058420,제이웨이,Y
2634,방송과엔터테인먼트,047820,초록뱀,Y
2635,방송과엔터테인먼트,037270,YG PLUS,N
2636,방송과엔터테인먼트,040300,YTN,Y
2637,에너지장비및서비스,137950,제이씨케미칼,Y
2638,에너지장비및서비스,322000,현대에너지솔루션,N
2639,에너지장비및서비스,099220,SDN,Y
2640,에너지장비및서비스,270520,지엔원에너지,Y
2641,에너지장비및서비스,041590,젬백스지오,Y
2642,에너지장비및서비스,043200,파루,Y
2643,에너지장비및서비스,095910,에스에너지,Y
2644,에너지장비및서비스,078940,코드네이처,Y
2645,에너지장비및서비스,313760,윌링스,Y
2646,에너지장비및서비스,294630,서남,Y
2647,화장품,244460,올리패스,Y
2648,화장품,214260,라파스,Y
2649,화장품,217480,에스디생명공학,Y
2650,화장품,080530,코디,Y
2651,화장품,175250,아이큐어,Y
2652,화장품,950140,잉글우드랩,Y
2653,화장품,025620,제이준코스메틱,N
2654,화장품,252500,세화피앤씨,Y
2655,화장품,083660,CSA 코스믹,Y
2656,화장품,018250,애경산업,N
2657,화장품,048410,현대바이오,Y
2658,화장품,241710,코스메카코리아,Y
2659,화장품,227610,아우딘퓨쳐스,Y
2660,화장품,092730,네오팜,Y
2661,화장품,019660,글로본,Y
2662,화장품,051900,LG생활건강,N
2663,화장품,052260,SK바이오랜드,Y
2664,화장품,159910,스킨앤스킨,Y
2665,화장품,138360,에이씨티,Y
2666,화장품,051905,LG생활건강우,N
2667,화장품,024720,한국콜마홀딩스,N
2668,화장품,007630,폴루스바이오팜,N
2669,화장품,263920,블러썸엠앤씨,Y
2670,화장품,214420,토니모리,N
2671,화장품,078520,에이블씨엔씨,N
2672,화장품,016100,리더스코스메틱,Y
2673,화장품,237880,클리오,Y
2674,화장품,002790,아모레G,N
2675,화장품,101240,씨큐브,Y
2676,화장품,064090,에프앤리퍼블릭,Y
2677,화장품,002795,아모레G우,N
2678,화장품,069110,코스온,Y
2679,화장품,090435,아모레퍼시픽우,N
2680,화장품,219550,MP한강,Y
2681,화장품,090430,아모레퍼시픽,N
2682,화장품,123330,제닉,Y
2683,화장품,00279K,아모레G3우(전환),N
2684,화장품,161890,한국콜마,N
2685,화장품,226340,본느,Y
2686,화장품,900300,오가닉티코스메틱,Y
2687,화장품,260930,씨티케이코스메틱스,Y
2688,화장품,123690,한국화장품,N
2689,화장품,900310,컬러레이,Y
2690,화장품,003350,한국화장품제조,N
2691,화장품,192820,코스맥스,N
2692,화장품,226320,잇츠한불,N
2693,화장품,027050,코리아나,Y
2694,핸드셋,123840,한일진공,Y
2695,핸드셋,191410,육일씨엔에쓰,Y
2696,핸드셋,238090,앤디포스,Y
2697,핸드셋,082660,코스나인,Y
2698,핸드셋,227100,디자인,Y
2699,핸드셋,097780,에스맥,Y
2700,핸드셋,050110,캠시스,Y
2701,핸드셋,178780,유테크,Y
2702,핸드셋,126700,하이비젼시스템,Y
2703,핸드셋,037950,엘컴텍,Y
2704,핸드셋,060540,에스에이티,Y
2705,핸드셋,091700,파트론,Y
2706,핸드셋,045970,코아시아,Y
2707,핸드셋,122990,와이솔,Y
2708,핸드셋,101330,모베이스,Y
2709,핸드셋,091120,이엠텍,Y
2710,핸드셋,208710,바이오로그디바이스,Y
2711,핸드셋,179900,유티아이,Y
2712,핸드셋,285490,노바텍,Y
2713,핸드셋,094170,동운아나텍,Y
2714,핸드셋,096630,에스코넥,Y
2715,핸드셋,060720,KH바텍,Y
2716,핸드셋,192650,드림텍,N
2717,핸드셋,052710,아모텍,Y
2718,핸드셋,263600,덕우전자,Y
2719,핸드셋,096640,멜파스,Y
2720,핸드셋,106240,파인테크닉스,Y
2721,핸드셋,332570,와이팜,Y
2722,핸드셋,175140,인포마크,Y
2723,핸드셋,000670,영풍,N
2724,핸드셋,174880,장원테크,Y
2725,핸드셋,198080,엔피디,Y
2726,핸드셋,093920,서원인텍,Y
2727,핸드셋,078650,코렌,Y
2728,핸드셋,148150,세경하이테크,Y
2729,핸드셋,226350,아이엠텍,Y
2730,핸드셋,076610,해성옵틱스,Y
2731,핸드셋,211270,AP위성,Y
2732,핸드셋,176440,에이치엔티,Y
2733,핸드셋,049630,재영솔루텍,Y
2734,핸드셋,058450,일야,Y
2735,핸드셋,196450,디오스텍,Y
2736,핸드셋,070300,엑스큐어,Y
2737,핸드셋,079190,EMW,Y
2738,핸드셋,097520,엠씨넥스,Y
2739,핸드셋,091580,상신이디피,Y
2740,핸드셋,106080,하이소닉,Y
2741,핸드셋,193250,와이제이엠게임즈,Y
2742,핸드셋,083470,이엠앤아이,Y
2743,핸드셋,290740,액트로,Y
2744,핸드셋,290550,디케이티,Y
2745,핸드셋,049070,인탑스,Y
2746,핸드셋,106520,디지탈옵틱,Y
2747,핸드셋,033560,블루콤,Y
2748,핸드셋,115610,이미지스,Y
2749,핸드셋,049520,유아이엘,Y
2750,핸드셋,151910,나노스,Y
2751,핸드셋,025320,시노펙스,Y
2752,핸드셋,181340,이즈미디어,Y
2753,핸드셋,054210,이랜텍,Y
2754,핸드셋,192440,슈피겐코리아,Y
2755,핸드셋,096610,알에프세미,Y
2756,핸드셋,190510,나무가,Y
2757,핸드셋,066670,디스플레이텍,Y
2758,핸드셋,061040,알에프텍,Y
2759,핸드셋,114120,크루셜텍,Y
2760,핸드셋,081580,성우전자,Y
2761,핸드셋,065680,우주일렉트로,Y
2762,상업서비스와공급품,090850,이지웰,Y
2763,상업서비스와공급품,072520,제넨바이오,Y
2764,상업서비스와공급품,030190,NICE평가정보,Y
2765,상업서비스와공급품,043910,자연과환경,Y
2766,상업서비스와공급품,058860,KTis,N
2767,상업서비스와공급품,058850,KTcs,N
2768,상업서비스와공급품,036800,나이스정보통신,Y
2769,상업서비스와공급품,143240,사람인에이치알,Y
2770,상업서비스와공급품,122900,아이마켓코리아,N
2771,상업서비스와공급품,029960,코엔텍,Y
2772,상업서비스와공급품,092130,이크레더블,Y
2773,상업서비스와공급품,049720,고려신용정보,Y
2774,상업서비스와공급품,130580,나이스디앤비,Y
2775,상업서비스와공급품,034310,NICE,N
2776,상업서비스와공급품,034950,한국기업평가,Y
2777,상업서비스와공급품,050540,한국코퍼레이션,Y
2778,상업서비스와공급품,012750,에스원,N
2779,상업서비스와공급품,060150,인선이엔티,Y
2780,상업서비스와공급품,094280,효성ITX,N
2781,상업서비스와공급품,036120,SCI평가정보,Y
2782,상업서비스와공급품,069140,누리플랜,Y
2783,인터넷과카탈로그소매,069920,아이에스이커머스,Y
2784,인터넷과카탈로그소매,119860,다나와,Y
2785,인터넷과카탈로그소매,035080,인터파크,Y
2786,인터넷과카탈로그소매,036030,KTH,Y
2787,인터넷과카탈로그소매,290510,코리아센터,Y
2788,인터넷과카탈로그소매,141020,포티스,Y
2789,인터넷과카탈로그소매,111820,지와이커머스,Y
2790,인터넷과카탈로그소매,028150,GS홈쇼핑,Y
2791,인터넷과카탈로그소매,080010,이상네트웍스,Y
2792,인터넷과카탈로그소매,057050,현대홈쇼핑,N
2793,인터넷과카탈로그소매,138250,엔에스쇼핑,N
2794,인터넷과카탈로그소매,053280,예스24,Y
2795,건강관리장비와용품,142280,녹십자엠에스,Y
2796,건강관리장비와용품,290650,엘앤씨바이오,Y
2797,건강관리장비와용품,294090,이오플로우,Y
2798,건강관리장비와용품,179290,엠아이텍,Y
2799,건강관리장비와용품,246960,이노테라피,Y
2800,건강관리장비와용품,263690,디알젬,Y
2801,건강관리장비와용품,006140,피제이전자,Y
2802,건강관리장비와용품,042520,한스바이오메드,Y
2803,건강관리장비와용품,099190,아이센스,Y
2804,건강관리장비와용품,228670,레이,Y
2805,건강관리장비와용품,219750,지티지웰니스,Y
2806,건강관리장비와용품,256840,한국비엔씨,Y
2807,건강관리장비와용품,225220,제놀루션,Y
2808,건강관리장비와용품,058110,멕아이씨에스,Y
2809,건강관리장비와용품,041920,메디아나,Y
2810,건강관리장비와용품,085370,루트로닉,Y
2811,건강관리장비와용품,059210,메타바이오메드,Y
2812,건강관리장비와용품,122310,제노레이,Y
2813,건강관리장비와용품,253840,수젠텍,Y
2814,건강관리장비와용품,149980,하이로닉,Y
2815,건강관리장비와용품,261200,덴티스,Y
2816,건강관리장비와용품,056090,유앤아이,Y
2817,건강관리장비와용품,226400,오스테오닉,Y
2818,건강관리장비와용품,258830,세종메디칼,Y
2819,건강관리장비와용품,145720,덴티움,N
2820,건강관리장비와용품,104540,코렌텍,Y
2821,건강관리장비와용품,065510,휴비츠,Y
2822,건강관리장비와용품,228850,레이언스,Y
2823,건강관리장비와용품,032940,원익,Y
2824,건강관리장비와용품,100700,세운메디칼,Y
2825,건강관리장비와용품,100120,뷰웍스,Y
2826,건강관리장비와용품,208370,셀바스헬스케어,Y
2827,건강관리장비와용품,048260,오스템임플란트,Y
2828,건강관리장비와용품,246720,아스타,Y
2829,건강관리장비와용품,08537M,루트로닉3우C,Y
2830,건강관리장비와용품,048870,시너지이노베이션,Y
2831,건강관리장비와용품,138610,나이벡,Y
2832,건강관리장비와용품,041830,인바디,Y
2833,건강관리장비와용품,049180,셀루메드,Y
2834,건강관리장비와용품,043100,솔고바이오,Y
2835,건강관리장비와용품,156100,엘앤케이바이오,Y
2836,건강관리장비와용품,164060,이루다,Y
2837,건강관리장비와용품,214150,클래시스,Y
2838,건강관리장비와용품,054950,제이브이엠,Y
2839,건강관리장비와용품,108860,셀바스AI,Y
2840,건강관리장비와용품,119610,인터로조,Y
2841,건강관리장비와용품,039840,디오,Y
2842,건강관리장비와용품,214680,디알텍,Y
2843,건강관리장비와용품,302550,리메드,Y
2844,건강관리장비와용품,004080,신흥,N
2845,건강관리장비와용품,228760,지노믹트리,Y
2846,건강관리장비와용품,229000,젠큐릭스,Y
2847,건강관리장비와용품,216080,제테마,Y
2848,건강관리장비와용품,043150,바텍,Y
2849,건강관리장비와용품,305090,마이크로디지탈,Y
2850,건강관리장비와용품,150840,인트로메딕,Y
2851,건강관리장비와용품,290660,네오펙트,Y
2852,해운사,124560,태웅로직스,Y
2853,해운사,172580,하이골드12호,N
2854,해운사,044450,KSS해운,N
2855,해운사,003280,흥아해운,N
2856,해운사,005880,대한해운,N
2857,해운사,155900,바다로19호,N
2858,해운사,011200,HMM,N
2859,해운사,067900,와이엔텍,Y
2860,해운사,028670,팬오션,N
2861,해운사,153360,하이골드3호,N
2862,전자제품,115160,휴맥스,Y
2863,전자제품,066570,LG전자,N
2864,전자제품,066575,LG전자우,N
2865,전자제품,054630,에이디칩스,Y
2866,전자제품,028080,휴맥스홀딩스,Y
2867,전자제품,008700,아남전자,N
2868,전자제품,134580,디엠티,Y
2869,전자제품,223310,경남제약헬스케어,Y
2870,전자제품,058220,아리온,Y
2871,전자제품,057880,필로시스헬스케어,Y
2872,전자제품,078890,가온미디어,Y
2873,전자제품,009140,경인전자,N
2874,전자제품,064240,홈캐스트,Y
2875,전자제품,038950,파인디지털,Y
2876,전자제품,032750,삼진,Y
2877,전자제품,297570,알로이스,Y
2878,전자제품,032540,TJ미디어,Y
2879,전자제품,111870,삼본전자,Y
2880,전자제품,060570,드림어스컴퍼니,Y
2881,전자제품,084730,팅크웨어,Y
2882,전자제품,087260,모바일어플라이언스,Y
2883,가정용기기와용품,014470,부방,Y
2884,가정용기기와용품,065350,신성델타테크,Y
2885,가정용기기와용품,037070,파세코,Y
2886,가정용기기와용품,284740,쿠쿠홈시스,N
2887,가정용기기와용품,056080,유진로봇,Y
2888,가정용기기와용품,317870,엔바이오니아,Y
2889,가정용기기와용품,067170,오텍,Y
2890,가정용기기와용품,256150,한독크린텍,Y
2891,가정용기기와용품,002700,신일전자,N
2892,가정용기기와용품,044340,위닉스,Y
2893,가정용기기와용품,021240,코웨이,N
2894,가정용기기와용품,008800,행남사,Y
2895,가정용기기와용품,234920,자이글,Y
2896,가정용기기와용품,066130,하츠,Y
2897,가정용기기와용품,071460,위니아딤채,Y
2898,가정용기기와용품,009450,경동나비엔,N
2899,가정용기기와용품,024940,PN풍년,Y
2900,가정용기기와용품,192400,쿠쿠홀딩스,N
2901,조선,054180,메디콕스,Y
2902,조선,064820,케이프,Y
2903,조선,099410,동방선기,Y
2904,조선,014940,오리엔탈정공,Y
2905,조선,075580,세진중공업,N
2906,조선,028300,에이치엘비,Y
2907,조선,017960,한국카본,N
2908,조선,097230,한진중공업,N
2909,조선,071970,STX중공업,N
2910,조선,077970,STX엔진,N
2911,조선,092460,한라IMS,Y
2912,조선,108380,대양전기공업,Y
2913,조선,101930,인화정공,Y
2914,조선,102210,해덕파워웨이,Y
2915,조선,073010,케이에스피,Y
2916,조선,053660,현진소재,Y
2917,조선,009540,한국조선해양,N
2918,조선,101000,상상인인더스트리,Y
2919,조선,082740,HSD엔진,N
2920,조선,103230,에스앤더블류,Y
2921,조선,100090,삼강엠앤티,Y
2922,조선,010140,삼성중공업,N
2923,조선,010620,현대미포조선,N
2924,조선,065570,삼영이엔씨,Y
2925,조선,042660,대우조선해양,N
2926,조선,010145,삼성중공우,N
2927,우주항공과국방,065450,빅텍,Y
2928,우주항공과국방,005870,휴니드,N
2929,우주항공과국방,010820,퍼스텍,N
2930,우주항공과국방,274090,켄코아에어로스페이스,Y
2931,우주항공과국방,263540,샘코,Y
2932,우주항공과국방,221840,하이즈항공,Y
2933,우주항공과국방,099320,쎄트렉아이,Y
2934,우주항공과국방,215090,이디티,Y
2935,우주항공과국방,047810,한국항공우주,N
2936,우주항공과국방,079550,LIG넥스원,N
2937,우주항공과국방,067390,아스트,Y
2938,우주항공과국방,012450,한화에어로스페이스,N
2939,우주항공과국방,230980,솔트웍스,Y
2940,우주항공과국방,214430,아이쓰리시스템,Y
2941,우주항공과국방,272210,한화시스템,N
2942,우주항공과국방,046120,오르비텍,Y
2943,석유와가스,006125,SK디스커버리우,N
2944,석유와가스,006120,SK디스커버리,N
2945,석유와가스,000440,중앙에너비스,Y
2946,석유와가스,024060,흥구석유,Y
2947,석유와가스,267250,현대중공업지주,N
2948,석유와가스,128820,대성산업,N
2949,석유와가스,096770,SK이노베이션,N
2950,석유와가스,002960,한국쉘석유,N
2951,석유와가스,010955,S-Oil우,N
2952,석유와가스,096775,SK이노베이션우,N
2953,석유와가스,014530,극동유화,N
2954,석유와가스,078935,GS우,N
2955,석유와가스,065420,에스아이리소스,Y
2956,석유와가스,060900,대한그린파워,Y
2957,석유와가스,010950,S-Oil,N
2958,석유와가스,003650,미창석유,N
2959,석유와가스,091090,세원셀론텍,N
2960,석유와가스,012320,경동인베스트,N
2961,석유와가스,038620,위즈코프,Y
2962,석유와가스,078930,GS,N
2963,석유와가스,093230,이아이디,N
2964,생명과학도구및서비스,950130,엑세스바이오,Y
2965,생명과학도구및서비스,068330,일신바이오,Y
2966,생명과학도구및서비스,217600,켐온,Y
2967,생명과학도구및서비스,205470,휴마시스,Y
2968,생명과학도구및서비스,046210,파나진,Y
2969,생명과학도구및서비스,206640,바디텍메드,Y
2970,생명과학도구및서비스,238120,얼라인드,Y
2971,생명과학도구및서비스,084650,랩지노믹스,Y
2972,생명과학도구및서비스,086040,바이오톡스텍,Y
2973,생명과학도구및서비스,245620,EDGC,Y
2974,생명과학도구및서비스,127120,디엔에이링크,Y
2975,생명과학도구및서비스,039860,나노엔텍,Y
2976,생명과학도구및서비스,347740,피엔케이피부임상연구센타,Y
2977,생명과학도구및서비스,141080,레고켐바이오,Y
2978,생명과학도구및서비스,038290,마크로젠,Y
2979,생명과학도구및서비스,950200,소마젠(Reg.S),Y
2980,생명과학도구및서비스,048530,인트론바이오,Y
2981,생명과학도구및서비스,215380,우정바이오,Y
2982,생명과학도구및서비스,278650,노터스,Y
2983,생명과학도구및서비스,182400,엔케이맥스,Y
2984,생명과학도구및서비스,180400,캔서롭,Y
2985,생명과학도구및서비스,036180,에이프런티어,Y
2986,생명과학도구및서비스,008490,서흥,N
2987,생명과학도구및서비스,096530,씨젠,Y
2988,생명과학도구및서비스,131220,대한과학,Y
2989,생명과학도구및서비스,083790,크리스탈지노믹스,Y
2990,생명과학도구및서비스,241820,피씨엘,Y
2991,레저용장비와제품,031860,엔에스엔,Y
2992,레저용장비와제품,039830,오로라,Y
2993,레저용장비와제품,123750,알톤스포츠,Y
2994,레저용장비와제품,121440,골프존뉴딘홀딩스,Y
2995,레저용장비와제품,002450,삼익악기,N
2996,레저용장비와제품,088390,이녹스,Y
2997,레저용장비와제품,050120,라이브플렉스,Y
2998,레저용장비와제품,066910,손오공,Y
2999,레저용장비와제품,024950,삼천리자전거,Y
3000,레저용장비와제품,900270,헝셩그룹,Y
3001,도로와철도운송,024800,유성티엔에스,Y
3002,도로와철도운송,068400,SK렌터카,N
3003,도로와철도운송,000650,천일고속,N
3004,도로와철도운송,084670,동양고속,N
3005,도로와철도운송,038390,레드캡투어,Y
3006,도로와철도운송,095570,AJ네트웍스,N
3007,전기제품,196490,디에이테크놀로지,Y
3008,전기제품,033180,필룩스,N
3009,전기제품,036010,아비코전자,Y
3010,전기제품,222080,씨아이에스,Y
3011,전기제품,014910,성문전자,N
3012,전기제품,014915,성문전자우,N
3013,전기제품,047310,파워로직스,Y
3014,전기제품,042110,에스씨디,Y
3015,전기제품,259630,엠플러스,Y
3016,전기제품,009470,삼화전기,N
3017,전기제품,043590,크로바하이텍,Y
3018,전기제품,001820,삼화콘덴서,N
3019,전기제품,027040,서울전자통신,Y
3020,전기제품,257370,명성티엔에스,Y
3021,전기제품,006400,삼성SDI,N
3022,전기제품,005680,삼영전자,N
3023,전기제품,006405,삼성SDI우,N
3024,전기제품,082920,비츠로셀,Y
3025,전기제품,187270,신화콘텍,Y
3026,전기제품,247540,에코프로비엠,Y
3027,전기제품,079960,동양이엔피,Y
3028,전기제품,217820,엔에스,Y
3029,전기제품,066970,엘앤에프,Y
3030,전기제품,243840,신흥에스이씨,Y
3031,전기제품,043260,성호전자,Y
3032,전기제품,288620,에스퓨얼셀,Y
3033,전기제품,137400,피엔티,Y
3034,전기제품,312610,에이에프더블류,Y
3035,전기제품,037030,파워넷,Y
3036,전기제품,089980,상아프론테크,Y
3037,전기제품,058610,에스피지,Y
3038,전기제품,302430,이노메트리,Y
3039,전기제품,131390,피앤이솔루션,Y
3040,전기제품,012340,뉴인텍,Y
3041,전기제품,002230,피에스텍,Y
3042,전기제품,290670,대보마그네틱,Y
3043,전기제품,026890,디피씨,N
3044,전기제품,33626K,두산퓨얼셀1우,N
3045,전기제품,33626L,두산퓨얼셀2우B,N
3046,전기제품,336260,두산퓨얼셀,N
3047,디스플레이패널,020760,일진디스플,N
3048,디스플레이패널,034220,LG디스플레이,N
3049,무역회사와판매업체,011810,STX,N
3050,무역회사와판매업체,001120,LG상사,N
3051,무역회사와판매업체,001250,GS글로벌,N
3052,무역회사와판매업체,037370,EG,Y
3053,무역회사와판매업체,011760,현대상사,N
3054,무역회사와판매업체,047050,포스코인터내셔널,N
3055,식품과기본식료품소매,051160,지어소프트,Y
3056,식품과기본식료품소매,250000,보라티알,Y
3057,식품과기본식료품소매,006880,신송홀딩스,N
3058,식품과기본식료품소매,051500,CJ프레시웨이,Y
3059,식품과기본식료품소매,005440,현대그린푸드,N
3060,식품과기본식료품소매,004590,한국가구,Y
3061,식품과기본식료품소매,227840,현대코퍼레이션홀딩스,N
3062,식품과기본식료품소매,311390,네오크레마,Y
3063,다각화된통신서비스,025770,한국정보통신,Y
3064,다각화된통신서비스,030200,KT,N
3065,다각화된통신서비스,036630,세종텔레콤,Y
3066,다각화된통신서비스,006490,인스코비,N
3067,부동산,140910,에이리츠,N
3068,부동산,034810,해성산업,Y
3069,부동산,204210,모두투어리츠,N
3070,부동산,088260,이리츠코크렙,N
3071,부동산,210980,SK디앤디,N
3072,부동산,350520,이지스레지던스리츠,N
3073,부동산,123890,한국자산신탁,N
3074,부동산,334890,이지스밸류리츠,N
3075,부동산,357250,미래에셋맵스리츠,N
3076,부동산,330590,롯데리츠,N
3077,부동산,357120,코람코에너지리츠,N
3078,부동산,293940,신한알파리츠,N
3079,부동산,145270,케이탑리츠,N
3080,부동산,348950,제이알글로벌리츠,N
3081,부동산,034830,한국토지신탁,N
3082,부동산,338100,NH프라임리츠,N
3083,부동산,005110,한창,N
3084,문구류,068290,삼성출판사,N
3085,문구류,005360,모나미,N
3086,문구류,030960,양지사,Y
3087,사무용전자제품,018290,브이티지엠피,Y
3088,사무용전자제품,029530,신도리코,N
3089,독립전력생산및에너지거래,038870,에코바이오,Y
3090,건강관리업체및서비스,144510,녹십자랩셀,Y
3091,건강관리업체및서비스,043710,서울리거,Y
3092,건강관리업체및서비스,226330,신테카바이오,Y
3093,항공화물운송과물류,129260,인터지스,N
3094,항공화물운송과물류,014130,한익스프레스,N
3095,항공화물운송과물류,004140,동방,N
3096,항공화물운송과물류,032280,삼일,Y
3097,항공화물운송과물류,001140,국보,N
3098,항공화물운송과물류,009070,KCTC,N
3099,항공화물운송과물류,000700,유수홀딩스,N
3100,항공화물운송과물류,004360,세방,N
3101,항공화물운송과물류,086280,현대글로비스,N
3102,항공화물운송과물류,004365,세방우,N
3103,항공화물운송과물류,009180,한솔로지스틱스,N
3104,항공화물운송과물류,002320,한진,N
3105,항공화물운송과물류,000120,CJ대한통운,N
3106,게임엔터테인먼트,069080,웹젠,Y
3107,게임엔터테인먼트,112040,위메이드,Y
3108,게임엔터테인먼트,052790,액토즈소프트,Y
3109,게임엔터테인먼트,042420,네오위즈홀딩스,Y
3110,게임엔터테인먼트,023770,플레이위드,Y
3111,게임엔터테인먼트,095660,네오위즈,Y
3112,게임엔터테인먼트,225570,넷게임즈,Y
3113,게임엔터테인먼트,208640,썸에이지,Y
3114,게임엔터테인먼트,060240,룽투코리아,Y
3115,게임엔터테인먼트,205500,액션스퀘어,Y
3116,게임엔터테인먼트,950190,미투젠,Y
3117,게임엔터테인먼트,078340,컴투스,Y
3118,게임엔터테인먼트,201490,미투온,Y
3119,게임엔터테인먼트,299910,베스파,Y
3120,게임엔터테인먼트,263750,펄어비스,Y
3121,게임엔터테인먼트,192080,더블유게임즈,N
3122,게임엔터테인먼트,206400,엔터메이트,Y
3123,게임엔터테인먼트,181710,NHN,N
3124,게임엔터테인먼트,036570,엔씨소프트,N
3125,게임엔터테인먼트,123420,선데이토즈,Y
3126,게임엔터테인먼트,052770,아이톡시,Y
3127,게임엔터테인먼트,058630,엠게임,Y
3128,게임엔터테인먼트,194480,데브시스터즈,Y
3129,게임엔터테인먼트,215000,골프존,Y
3130,게임엔터테인먼트,047080,한빛소프트,Y
3131,게임엔터테인먼트,030350,드래곤플라이,Y
3132,게임엔터테인먼트,950180,SNK,Y
3133,게임엔터테인먼트,041140,넥슨지티,Y
3134,게임엔터테인먼트,063080,게임빌,Y
3135,게임엔터테인먼트,056000,네스엠,Y
3136,게임엔터테인먼트,251270,넷마블,N
3137,게임엔터테인먼트,217270,넵튠,Y
3138,게임엔터테인먼트,067000,조이시티,Y
3139,게임엔터테인먼트,101730,조이맥스,Y
3140,양방향미디어와서비스,035720,카카오,N
3141,양방향미디어와서비스,057680,티사이언티픽,Y
3142,양방향미디어와서비스,317530,캐리소프트,Y
3143,양방향미디어와서비스,035420,NAVER,N
3144,양방향미디어와서비스,067160,아프리카TV,Y
3145,양방향미디어와서비스,089230,THE E&M,Y
3146,양방향미디어와서비스,214270,퓨쳐스트림네트웍스,Y
3147,양방향미디어와서비스,020120,키다리스튜디오,N
3148,양방향미디어와서비스,300080,플리토,Y
3149,양방향미디어와서비스,239340,줌인터넷,Y
